Text3,Text1,Text,Field,Hempfield_Area_HS_8,Text2
1/20/2024,Twirlers: SNT,Hempfield Area MS (8),EQ70-130,"13.350 2
nd",
1/20/2024,Twirlers: SNT,Hempfield Area MS (8),MV70-130,"14.740 1
st",
1/20/2024,Twirlers: SNT,Hempfield Area MS (8),DES 70/130,"10.820 2
nd",
1/20/2024,Twirlers: SNT,Hempfield Area MS (8),GE 70/130,"10.610 1
st",
1/20/2024,Twirlers: SNT,Hempfield Area MS (8),GE 70/130,"10.750 2
nd",
1/20/2024,Twirlers: SNT,Hempfield Area MS (8),Total,,60.270
1/20/2024,Twirlers: INT,Wolf's Performing Arts,EQ70-130,"13.830 1
st",
1/20/2024,Twirlers: INT,Wolf's Performing Arts,MV70-130,"13.340 1
st",
1/20/2024,Twirlers: INT,Wolf's Performing Arts,DES 70/130,"10.630 1
st",
1/20/2024,Twirlers: INT,Wolf's Performing Arts,GE 70/130,"11.010 1
st",
1/20/2024,Twirlers: INT,Wolf's Performing Arts,GE 70/130,"10.350 1
st",
1/20/2024,Twirlers: INT,Wolf's Performing Arts,Total,,59.160
1/20/2024,Twirlers: IRT,Fast Forward,EQ70-130,"14.750 1
st",
1/20/2024,Twirlers: IRT,Fast Forward,MV70-130,"15.540 1
st",
1/20/2024,Twirlers: IRT,Fast Forward,DES 70/130,"12.620 1
st",
1/20/2024,Twirlers: IRT,Fast Forward,GE 70/130,"11.680 2
nd",
1/20/2024,Twirlers: IRT,Fast Forward,GE 70/130,"12.540 1
st",
1/20/2024,Twirlers: IRT,Fast Forward,Total,,67.130
1/20/2024,Twirlers: IAT,Fast Forward,EQ70-130,"14.350 1
st",
1/20/2024,Twirlers: IAT,Fast Forward,MV70-130,"14.540 1
st",
1/20/2024,Twirlers: IAT,Fast Forward,DES 10/10,"12.700 1
st",
1/20/2024,Twirlers: IAT,Fast Forward,GE 10/10,"12.800 1
st",
1/20/2024,Twirlers: IAT,Fast Forward,GE 10/10,"12.000 1
st",
1/20/2024,Twirlers: IAT,Fast Forward,Total,,66.390
1/20/2024,Twirlers: SAT,Hempfield Area HS (8),EQ70-130,"13.350 1
st",
1/20/2024,Twirlers: SAT,Hempfield Area HS (8),MV70-130,"12.010 1
st",
1/20/2024,Twirlers: SAT,Hempfield Area HS (8),DES 10/10,"10.600 1
st",
1/20/2024,Twirlers: SAT,Hempfield Area HS (8),GE 10/10,"10.600 1
st",
1/20/2024,Twirlers: SAT,Hempfield Area HS (8),GE 10/10,"10.600 1
st",
1/20/2024,Twirlers: SAT,Hempfield Area HS (8),Total,,57.160
1/20/2024,Dance: ICD,Exquisite Cadets,CAD D,"Silver 1
st",
1/20/2024,Dance: ICD,Exquisite Cadets,CAD D,"Silver 1
st",
1/20/2024,Dance: ICD,Exquisite Cadets,Total,,Silver
1/20/2024,Dance: IND,Dancer's Haven,MV70-130-DANCE,"26.020 1
st",
1/20/2024,Dance: IND,Dancer's Haven,DES 70/130,"10.220 1
st",
1/20/2024,Dance: IND,Dancer's Haven,GE 70/130,"10.280 1
st",
1/20/2024,Dance: IND,Dancer's Haven,GE 70/130,"10.490 1
st",
1/20/2024,Dance: IND,Dancer's Haven,Total,,57.010
1/20/2024,Dance: IRD,Fast Forward,MV70-130-DANCE,"31.080 1
st",
1/20/2024,Dance: IRD,Fast Forward,DES 70/130,"12.490 2
nd",
1/20/2024,Dance: IRD,Fast Forward,GE 70/130,"12.210 3
rd",
1/20/2024,Dance: IRD,Fast Forward,GE 70/130,"12.540 2
nd",
1/20/2024,Dance: IRD,Fast Forward,Total,,68.320
1/20/2024,Dance: IAD,Fast Forward,MV70-130-DANCE,"31.340 1
st",
1/20/2024,Dance: IAD,Fast Forward,DES 10/10,"13.300 1
st",
1/20/2024,Dance: IAD,Fast Forward,GE 10/10,"12.600 1
st",
1/20/2024,Dance: IAD,Fast Forward,GE 10/10,"13.200 1
st",
1/20/2024,Dance: IAD,Fast Forward,Total,,70.440
1/20/2024,Dance: IOD,Co-Motion,MV10-10-DANCE,"24.600 1
st",
1/20/2024,Dance: IOD,Co-Motion,DES 10/10,"12.900 1
st",
1/20/2024,Dance: IOD,Co-Motion,GE 10/10,"12.800 1
st",
1/20/2024,Dance: IOD,Co-Motion,GE 10/10,"12.500 1
st",
1/20/2024,Dance: IOD,Co-Motion,Total,,62.800
1/20/2024,Guard: SMG,Norwin MS (G),EQ70-130,"13.280 1
st",
1/20/2024,Guard: SMG,Norwin MS (G),MV70-130,"9.940 1
st",
1/20/2024,Guard: SMG,Norwin MS (G),DES 70/130,"10.750 1
st",
1/20/2024,Guard: SMG,Norwin MS (G),GE 70/130,"10.610 1
st",
1/20/2024,Guard: SMG,Norwin MS (G),GE 70/130,"10.680 1
st",
1/20/2024,Guard: SMG,Norwin MS (G),Total,,55.260
1/20/2024,Guard: SNG,Steel Valley HS,EQ70-130,"12.280 3
rd",
1/20/2024,Guard: SNG,Steel Valley HS,MV70-130,"10.810 2
nd",
1/20/2024,Guard: SNG,Steel Valley HS,DES 70/130,"9.880 2
nd",
1/20/2024,Guard: SNG,Steel Valley HS,GE 70/130,"10.340 2
nd",
1/20/2024,Guard: SNG,Steel Valley HS,GE 70/130,"9.880 2
nd",
1/20/2024,Guard: SNG,Steel Valley HS,Total,,53.190
1/20/2024,Guard: SRG,Hampton HS,EQ70-130,"14.810 1
st",
1/20/2024,Guard: SRG,Hampton HS,MV70-130,"14.540 2
nd",
1/20/2024,Guard: SRG,Hampton HS,DES 70/130,"13.140 2
nd",
1/20/2024,Guard: SRG,Hampton HS,GE 70/130,"13.010 2
nd",
1/20/2024,Guard: SRG,Hampton HS,GE 70/130,"12.810 2
nd",
1/20/2024,Guard: SRG,Hampton HS,Total,,68.310
1/20/2024,Guard: SAG,Greater Latrobe HS,EQ70-130,"12.740 1
st",
1/20/2024,Guard: SAG,Greater Latrobe HS,MV70-130,"11.210 1
st",
1/20/2024,Guard: SAG,Greater Latrobe HS,DES 10/10,"12.100 1
st",
1/20/2024,Guard: SAG,Greater Latrobe HS,GE 10/10,"11.900 1
st",
1/20/2024,Guard: SAG,Greater Latrobe HS,GE 10/10,"11.900 1
st",
1/20/2024,Guard: SAG,Greater Latrobe HS,Total,,59.850
1/20/2024,Guard: IOG,Top Hats,EQ10-10,"15.200 1
st",
1/20/2024,Guard: IOG,Top Hats,MV10-10,"12.400 1
st",
1/20/2024,Guard: IOG,Top Hats,DES 10/10,"14.000 1
st",
1/20/2024,Guard: IOG,Top Hats,GE 10/10,"13.800 1
st",
1/20/2024,Guard: IOG,Top Hats,GE 10/10,"13.700 1
st",
1/20/2024,Guard: IOG,Top Hats,Total,,69.100
1/20/2024,Guard: SWG,Norwin W HS (G),EQ10-10,"14.300 1
st",
1/20/2024,Guard: SWG,Norwin W HS (G),MV10-10,"12.800 1
st",
1/20/2024,Guard: SWG,Norwin W HS (G),DES 10/10,"13.600 1
st",
1/20/2024,Guard: SWG,Norwin W HS (G),GE 10/10,"13.600 1
st",
1/20/2024,Guard: SWG,Norwin W HS (G),GE 10/10,"13.200 1
st",
1/20/2024,Guard: SWG,Norwin W HS (G),Total,,67.500
2/3/2024,Marching Percussion: SRP,Southern Tioga HS,VIS-PERC,"12.700 1
st",
2/3/2024,Marching Percussion: SRP,Southern Tioga HS,VE-PERC,"12.400 1
st",
2/3/2024,Marching Percussion: SRP,Southern Tioga HS,MUS-PERC,"19.800 1
st",
2/3/2024,Marching Percussion: SRP,Southern Tioga HS,ME-PERC,"14.700 1
st",
2/3/2024,Marching Percussion: SRP,Southern Tioga HS,Total,,59.600
2/3/2024,Stationary Percussion: SAS,Mifflin County HS,MUS-SPERC,"34.100 2
nd",
2/3/2024,Stationary Percussion: SAS,Mifflin County HS,ART-SPERC,"28.700 2
nd",
2/3/2024,Stationary Percussion: SAS,Mifflin County HS,Total,,62.800
2/3/2024,Twirlers: ICT,Haven Performing Arts,CAD,"Bronze 1
st",
2/3/2024,Twirlers: ICT,Haven Performing Arts,CAD,"Silver 1
st",
2/3/2024,Twirlers: ICT,Haven Performing Arts,CAD,"Silver 1
st",
2/3/2024,Twirlers: ICT,Haven Performing Arts,Total,,Silver
2/3/2024,Twirlers: IJT,Diamondettes,EQ70-130,"9.420 1
st",
2/3/2024,Twirlers: IJT,Diamondettes,MV70-130,"8.410 1
st",
2/3/2024,Twirlers: IJT,Diamondettes,DES 70/130,"9.020 1
st",
2/3/2024,Twirlers: IJT,Diamondettes,GE 70/130,"9.210 1
st",
2/3/2024,Twirlers: IJT,Diamondettes,GE 70/130,"8.940 1
st",
2/3/2024,Twirlers: IJT,Diamondettes,Total,,45.000
2/3/2024,Twirlers: SMT,Glendale MS,EQ70-130,"11.490 1
st",
2/3/2024,Twirlers: SMT,Glendale MS,MV70-130,"10.880 1
st",
2/3/2024,Twirlers: SMT,Glendale MS,DES 70/130,"11.430 1
st",
2/3/2024,Twirlers: SMT,Glendale MS,GE 70/130,"11.020 1
st",
2/3/2024,Twirlers: SMT,Glendale MS,GE 70/130,"11.890 1
st",
2/3/2024,Twirlers: SMT,Glendale MS,Total,,56.710
2/3/2024,Twirlers: INT,Haven Performing Arts,EQ70-130,"13.350 1
st",
2/3/2024,Twirlers: INT,Haven Performing Arts,MV70-130,"12.940 1
st",
2/3/2024,Twirlers: INT,Haven Performing Arts,DES 70/130,"13.280 1
st",
2/3/2024,Twirlers: INT,Haven Performing Arts,GE 70/130,"11.350 1
st",
2/3/2024,Twirlers: INT,Haven Performing Arts,GE 70/130,"12.680 1
st",
2/3/2024,Twirlers: INT,Haven Performing Arts,Total,,63.600
2/3/2024,Twirlers: SNT,Glendale HS,EQ70-130,"13.890 1
st",
2/3/2024,Twirlers: SNT,Glendale HS,MV70-130,"12.280 1
st",
2/3/2024,Twirlers: SNT,Glendale HS,DES 70/130,"11.760 1
st",
2/3/2024,Twirlers: SNT,Glendale HS,GE 70/130,"11.420 1
st",
2/3/2024,Twirlers: SNT,Glendale HS,GE 70/130,"12.880 1
st",
2/3/2024,Twirlers: SNT,Glendale HS,Total,,62.230
2/3/2024,Twirlers: SRT,Central Mountain HS,EQ70-130,"14.420 1
st",
2/3/2024,Twirlers: SRT,Central Mountain HS,MV70-130,"12.750 1
st",
2/3/2024,Twirlers: SRT,Central Mountain HS,DES 70/130,"12.490 1
st",
2/3/2024,Twirlers: SRT,Central Mountain HS,GE 70/130,"11.220 2
nd",
2/3/2024,Twirlers: SRT,Central Mountain HS,GE 70/130,"11.950 1
st",
2/3/2024,Twirlers: SRT,Central Mountain HS,Total,,62.830
2/3/2024,Twirlers: SAT,Central Mountain HS,EQ70-130,"14.150 1
st",
2/3/2024,Twirlers: SAT,Central Mountain HS,MV70-130,"13.210 1
st",
2/3/2024,Twirlers: SAT,Central Mountain HS,DES 10/10,"13.600 1
st",
2/3/2024,Twirlers: SAT,Central Mountain HS,GE 10/10,"13.200 1
st",
2/3/2024,Twirlers: SAT,Central Mountain HS,GE 10/10,"13.400 1
st",
2/3/2024,Twirlers: SAT,Central Mountain HS,Total,,67.560
2/3/2024,Twirlers: SUT,Penn State Elegance,EQ70-130,"13.350 1
st",
2/3/2024,Twirlers: SUT,Penn State Elegance,MV70-130,"11.150 1
st",
2/3/2024,Twirlers: SUT,Penn State Elegance,DES 10/10,"10.800 1
st",
2/3/2024,Twirlers: SUT,Penn State Elegance,GE 10/10,"9.700 1
st",
2/3/2024,Twirlers: SUT,Penn State Elegance,GE 10/10,"11.000 1
st",
2/3/2024,Twirlers: SUT,Penn State Elegance,Total,,56.000
2/3/2024,Twirlers: IST,Matriarch,EQ70-130,"13.750 1
st",
2/3/2024,Twirlers: IST,Matriarch,MV70-130,"11.140 1
st",
2/3/2024,Twirlers: IST,Matriarch,DES 10/10,"12.000 1
st",
2/3/2024,Twirlers: IST,Matriarch,GE 10/10,"11.900 1
st",
2/3/2024,Twirlers: IST,Matriarch,GE 10/10,"11.900 1
st",
2/3/2024,Twirlers: IST,Matriarch,Total,,60.690
2/3/2024,Dance: IJD,Haven Performing Arts,MV70-130-DANCE,"26.160 1
st",
2/3/2024,Dance: IJD,Haven Performing Arts,DES 70/130,"15.410 1
st",
2/3/2024,Dance: IJD,Haven Performing Arts,GE 70/130,"16.210 1
st",
2/3/2024,Dance: IJD,Haven Performing Arts,GE 70/130,"15.540 1
st",
2/3/2024,Dance: IJD,Haven Performing Arts,Total,,73.320
2/3/2024,Dance: IND,Haven Performing Arts,MV70-130-DANCE,"24.160 1
st",
2/3/2024,Dance: IND,Haven Performing Arts,DES 70/130,"12.280 1
st",
2/3/2024,Dance: IND,Haven Performing Arts,GE 70/130,"12.080 1
st",
2/3/2024,Dance: IND,Haven Performing Arts,GE 70/130,"12.420 1
st",
2/3/2024,Dance: IND,Haven Performing Arts,Total,,60.940
2/3/2024,Dance: SRD,Bellefonte Area HS,MV70-130-DANCE,"22.580 1
st",
2/3/2024,Dance: SRD,Bellefonte Area HS,DES 70/130,"12.080 1
st",
2/3/2024,Dance: SRD,Bellefonte Area HS,GE 70/130,"12.480 1
st",
2/3/2024,Dance: SRD,Bellefonte Area HS,GE 70/130,"11.880 1
st",
2/3/2024,Dance: SRD,Bellefonte Area HS,Total,,59.020
2/3/2024,Guard: SOG,Allegany HS,EQ10-10,"12.500 1
st",
2/3/2024,Guard: SOG,Allegany HS,MV10-10,"12.500 1
st",
2/3/2024,Guard: SOG,Allegany HS,DES 10/10,"12.600 1
st",
2/3/2024,Guard: SOG,Allegany HS,GE 10/10,"11.000 1
st",
2/3/2024,Guard: SOG,Allegany HS,GE 10/10,"11.800 1
st",
2/3/2024,Guard: SOG,Allegany HS,Total,,60.400
2/3/2024,Guard: SMG,Mifflin County MS,EQ70-130,"8.870 1
st",
2/3/2024,Guard: SMG,Mifflin County MS,MV70-130,"10.350 1
st",
2/3/2024,Guard: SMG,Mifflin County MS,DES 70/130,"9.880 1
st",
2/3/2024,Guard: SMG,Mifflin County MS,GE 70/130,"10.940 1
st",
2/3/2024,Guard: SMG,Mifflin County MS,GE 70/130,"9.810 1
st",
2/3/2024,Guard: SMG,Mifflin County MS,Total,,49.850
2/3/2024,Guard: SNG,Glendale HS,EQ70-130,"12.990 4
th",
2/3/2024,Guard: SNG,Glendale HS,MV70-130,"12.020 2
nd",
2/3/2024,Guard: SNG,Glendale HS,DES 70/130,"10.090 3
rd",
2/3/2024,Guard: SNG,Glendale HS,GE 70/130,"9.740 4
th",
2/3/2024,Guard: SNG,Glendale HS,GE 70/130,"10.080 3
rd",
2/3/2024,Guard: SNG,Glendale HS,Total,,54.920
2/3/2024,Dance: IRD,Remade by Dance,Total,,--
2/3/2024,,,,,
2/3/2024,Dance: SMD,Kutztown MS,MV70-130-DANCE,"26.280 1
st",
2/3/2024,Dance: SMD,Kutztown MS,GE 70/130,"12.410 1
st",
2/3/2024,Dance: SMD,Kutztown MS,GE 70/130,"10.150 1
st",
2/3/2024,Dance: SMD,Kutztown MS,DES 70/130,"12.210 1
st",
2/3/2024,Dance: SMD,Kutztown MS,Total,,61.050
2/3/2024,Dance: IJD,Emerge,MV70-130-DANCE,"29.220 1
st",
2/3/2024,Dance: IJD,Emerge,DES 70/130,"13.610 1
st",
2/3/2024,Dance: IJD,Emerge,GE 70/130,"16.010 1
st",
2/3/2024,Dance: IJD,Emerge,GE 70/130,"13.540 1
st",
2/3/2024,Dance: IJD,Emerge,Total,,72.380
2/3/2024,Dance: IND,Freedom Dance,MV70-130-DANCE,"24.680 1
st",
2/3/2024,Dance: IND,Freedom Dance,DES 70/130,"12.610 1
st",
2/3/2024,Dance: IND,Freedom Dance,GE 70/130,"9.680 1
st",
2/3/2024,Dance: IND,Freedom Dance,GE 70/130,"12.480 1
st",
2/3/2024,Dance: IND,Freedom Dance,Total,,59.450
2/3/2024,Dance: SAD,Kutztown HS,MV70-130-DANCE,"20.020 1
st",
2/3/2024,Dance: SAD,Kutztown HS,DES 10/10,"11.000 1
st",
2/3/2024,Dance: SAD,Kutztown HS,GE 10/10,"9.000 1
st",
2/3/2024,Dance: SAD,Kutztown HS,GE 10/10,"10.600 1
st",
2/3/2024,Dance: SAD,Kutztown HS,Total,,50.620
2/3/2024,Dance: IAD,Emerge,MV70-130-DANCE,"24.820 1
st",
2/3/2024,Dance: IAD,Emerge,DES 10/10,"13.400 1
st",
2/3/2024,Dance: IAD,Emerge,GE 10/10,"10.800 1
st",
2/3/2024,Dance: IAD,Emerge,GE 10/10,"12.800 1
st",
2/3/2024,Dance: IAD,Emerge,Total,,61.820
2/3/2024,Dance: IWD,Legacy,MV10-10-DANCE,"16.000 1
st",
2/3/2024,Dance: IWD,Legacy,DES 10/10,"8.000 1
st",
2/3/2024,Dance: IWD,Legacy,GE 10/10,"8.000 1
st",
2/3/2024,Dance: IWD,Legacy,GE 10/10,"8.000 1
st",
2/3/2024,Dance: IWD,Legacy,Total,,40.000
2/3/2024,Twirlers: SMT,Kutztown MS,EQ70-130,"10.280 1
st",
2/3/2024,Twirlers: SMT,Kutztown MS,MV70-130,"9.610 1
st",
2/3/2024,Twirlers: SMT,Kutztown MS,DES 70/130,"9.350 1
st",
2/3/2024,Twirlers: SMT,Kutztown MS,GE 70/130,"8.880 1
st",
2/3/2024,Twirlers: SMT,Kutztown MS,GE 70/130,"9.880 1
st",
2/3/2024,Twirlers: SMT,Kutztown MS,Total,,48.000
2/3/2024,Twirlers: IJT,Emerge,EQ70-130,"13.280 1
st",
2/3/2024,Twirlers: IJT,Emerge,MV70-130,"16.220 1
st",
2/3/2024,Twirlers: IJT,Emerge,DES 70/130,"14.480 1
st",
2/3/2024,Twirlers: IJT,Emerge,GE 70/130,"16.350 1
st",
2/3/2024,Twirlers: IJT,Emerge,GE 70/130,"14.470 1
st",
2/3/2024,Twirlers: IJT,Emerge,Total,,74.800
2/3/2024,Twirlers: IAT,Revolution,EQ70-130,"12.340 2
nd",
2/3/2024,Twirlers: IAT,Revolution,MV70-130,"9.540 2
nd",
2/3/2024,Twirlers: IAT,Revolution,DES 10/10,"10.600 2
nd",
2/3/2024,Twirlers: IAT,Revolution,GE 10/10,"9.300 2
nd",
2/3/2024,Twirlers: IAT,Revolution,GE 10/10,"11.000 2
nd",
2/3/2024,Twirlers: IAT,Revolution,Total,,52.780
2/3/2024,Twirlers: SAT,Kutztown HS,EQ70-130,"12.880 1
st",
2/3/2024,Twirlers: SAT,Kutztown HS,MV70-130,"11.340 1
st",
2/3/2024,Twirlers: SAT,Kutztown HS,DES 10/10,"10.700 1
st",
2/3/2024,Twirlers: SAT,Kutztown HS,GE 10/10,"8.800 1
st",
2/3/2024,Twirlers: SAT,Kutztown HS,GE 10/10,"11.400 1
st",
2/3/2024,Twirlers: SAT,Kutztown HS,Total,,55.120
2/3/2024,Twirlers: IST,Revolution,EQ70-130,"12.480 1
st",
2/3/2024,Twirlers: IST,Revolution,MV70-130,"10.610 1
st",
2/3/2024,Twirlers: IST,Revolution,DES 10/10,"10.600 1
st",
2/3/2024,Twirlers: IST,Revolution,GE 10/10,"9.500 1
st",
2/3/2024,Twirlers: IST,Revolution,GE 10/10,"11.500 1
st",
2/3/2024,Twirlers: IST,Revolution,Total,,54.690
2/3/2024,Guard: IJG,Freedom Jr Guard,EQ70-130,"10.210 1
st",
2/3/2024,Guard: IJG,Freedom Jr Guard,MV70-130,"9.340 1
st",
2/3/2024,Guard: IJG,Freedom Jr Guard,DES 70/130,"11.750 1
st",
2/3/2024,Guard: IJG,Freedom Jr Guard,GE 70/130,"8.810 1
st",
2/3/2024,Guard: IJG,Freedom Jr Guard,GE 70/130,"11.350 1
st",
2/3/2024,Guard: IJG,Freedom Jr Guard,Total,,51.460
2/3/2024,Guard: SNG,Trinity HS,EQ70-130,"11.080 2
nd",
2/3/2024,Guard: SNG,Trinity HS,MV70-130,"9.810 3
rd",
2/3/2024,Guard: SNG,Trinity HS,DES 70/130,"12.480 2
nd",
2/3/2024,Guard: SNG,Trinity HS,GE 70/130,"9.280 3
rd",
2/3/2024,Guard: SNG,Trinity HS,GE 70/130,"12.480 1
st",
2/3/2024,Guard: SNG,Trinity HS,Total,,55.130
2/3/2024,Guard: ING,Freedom  Guard,EQ70-130,"14.280 1
st",
2/3/2024,Guard: ING,Freedom  Guard,MV70-130,"10.870 1
st",
2/3/2024,Guard: ING,Freedom  Guard,DES 70/130,"13.410 1
st",
2/3/2024,Guard: ING,Freedom  Guard,GE 70/130,"10.610 1
st",
2/3/2024,Guard: ING,Freedom  Guard,GE 70/130,"13.210 1
st",
2/3/2024,Guard: ING,Freedom  Guard,Total,,62.380
2/3/2024,Guard: SRG,Donegal HS,EQ70-130,"12.680 2
nd",
2/3/2024,Guard: SRG,Donegal HS,MV70-130,"13.410 2
nd",
2/3/2024,Guard: SRG,Donegal HS,DES 70/130,"11.550 3
rd",
2/3/2024,Guard: SRG,Donegal HS,GE 70/130,"13.350 1
st",
2/3/2024,Guard: SRG,Donegal HS,GE 70/130,"11.880 3
rd",
2/3/2024,Guard: SRG,Donegal HS,Total,,62.870
2/3/2024,Guard: IRG,Moxie Guard,EQ70-130,"12.940 1
st",
2/3/2024,Guard: IRG,Moxie Guard,MV70-130,"13.010 1
st",
2/3/2024,Guard: IRG,Moxie Guard,DES 70/130,"12.410 1
st",
2/3/2024,Guard: IRG,Moxie Guard,GE 70/130,"11.420 1
st",
2/3/2024,Guard: IRG,Moxie Guard,GE 70/130,"12.610 1
st",
2/3/2024,Guard: IRG,Moxie Guard,Total,,62.390
2/3/2024,Guard: SAG,Parkland HS,EQ70-130,"12.680 1
st",
2/3/2024,Guard: SAG,Parkland HS,MV70-130,"11.340 1
st",
2/3/2024,Guard: SAG,Parkland HS,DES 10/10,"12.200 1
st",
2/3/2024,Guard: SAG,Parkland HS,GE 10/10,"10.800 1
st",
2/3/2024,Guard: SAG,Parkland HS,GE 10/10,"12.600 1
st",
2/3/2024,Guard: SAG,Parkland HS,Total,,59.620
2/3/2024,Guard: IAG,Polaris,EQ70-130,"13.740 2
nd",
2/3/2024,Guard: IAG,Polaris,MV70-130,"11.940 1
st",
2/3/2024,Guard: IAG,Polaris,DES 10/10,"12.900 2
nd",
2/3/2024,Guard: IAG,Polaris,GE 10/10,"12.100 2
nd",
2/3/2024,Guard: IAG,Polaris,GE 10/10,"13.400 2
nd",
2/3/2024,Guard: IAG,Polaris,Total,,64.080
2/3/2024,Stationary Percussion: SAS,Trinity HS,MUS-SPERC,"26.400 2
nd",
2/3/2024,Stationary Percussion: SAS,Trinity HS,ART-SPERC,"30.300 2
nd",
2/3/2024,Stationary Percussion: SAS,Trinity HS,Total,,56.700
2/3/2024,Marching Percussion: SAP,Souderton HS,VIS-PERC,"11.000 1
st",
2/3/2024,Marching Percussion: SAP,Souderton HS,VE-PERC,"11.100 1
st",
2/3/2024,Marching Percussion: SAP,Souderton HS,MUS-PERC,"19.100 1
st",
2/3/2024,Marching Percussion: SAP,Souderton HS,ME-PERC,"16.200 1
st",
2/3/2024,Marching Percussion: SAP,Souderton HS,Total,,57.400
2/3/2024,Marching Percussion: SRP,Governor Mifflin HS,VIS-PERC,"11.000 1
st",
2/3/2024,Marching Percussion: SRP,Governor Mifflin HS,VE-PERC,"12.400 1
st",
2/3/2024,Marching Percussion: SRP,Governor Mifflin HS,MUS-PERC,"23.400 1
st",
2/3/2024,Marching Percussion: SRP,Governor Mifflin HS,ME-PERC,"16.950 1
st",
2/3/2024,Marching Percussion: SRP,Governor Mifflin HS,Total,,63.750
2/3/2024,,,,,
2/3/2024,Twirlers: SNT,Hempfield Area MS (8),EQ70-130,"13.550 1
st",
2/3/2024,Twirlers: SNT,Hempfield Area MS (8),MV70-130,"14.210 1
st",
2/3/2024,Twirlers: SNT,Hempfield Area MS (8),DES 70/130,"11.080 1
st",
2/3/2024,Twirlers: SNT,Hempfield Area MS (8),GE 70/130,"11.080 1
st",
2/3/2024,Twirlers: SNT,Hempfield Area MS (8),GE 70/130,"11.080 1
st",
2/3/2024,Twirlers: SNT,Hempfield Area MS (8),Total,,61.000
2/3/2024,Twirlers: IRT,Fast Forward,EQ70-130,"14.950 1
st",
2/3/2024,Twirlers: IRT,Fast Forward,MV70-130,"15.140 1
st",
2/3/2024,Twirlers: IRT,Fast Forward,DES 70/130,"13.080 1
st",
2/3/2024,Twirlers: IRT,Fast Forward,GE 70/130,"12.740 1
st",
2/3/2024,Twirlers: IRT,Fast Forward,GE 70/130,"12.740 1
st",
2/3/2024,Twirlers: IRT,Fast Forward,Total,,68.650
2/3/2024,Twirlers: SAT,Hempfield Area HS (8),EQ70-130,--,
2/3/2024,Twirlers: SAT,Hempfield Area HS (8),MV70-130,--,
2/3/2024,Twirlers: SAT,Hempfield Area HS (8),DES 10/10,--,
2/3/2024,Twirlers: SAT,Hempfield Area HS (8),GE 10/10,--,
2/3/2024,Twirlers: SAT,Hempfield Area HS (8),GE 10/10,--,
2/3/2024,Twirlers: SAT,Hempfield Area HS (8),Total,,--
2/3/2024,Twirlers: IAT,Fast Forward,EQ70-130,"14.550 1
st",
2/3/2024,Twirlers: IAT,Fast Forward,MV70-130,"15.010 1
st",
2/3/2024,Twirlers: IAT,Fast Forward,DES 10/10,"13.000 1
st",
2/3/2024,Twirlers: IAT,Fast Forward,GE 10/10,"12.900 1
st",
2/3/2024,Twirlers: IAT,Fast Forward,GE 10/10,"13.000 1
st",
2/3/2024,Twirlers: IAT,Fast Forward,Total,,68.460
2/3/2024,Marching Percussion: SNP,West Mifflin HS,VIS-PERC,"11.500 1
st",
2/3/2024,Marching Percussion: SNP,West Mifflin HS,VE-PERC,"10.900 1
st",
2/3/2024,Marching Percussion: SNP,West Mifflin HS,MUS-PERC,"14.000 1
st",
2/3/2024,Marching Percussion: SNP,West Mifflin HS,ME-PERC,"14.250 1
st",
2/3/2024,Marching Percussion: SNP,West Mifflin HS,Total,,50.650
2/3/2024,Marching Percussion: SRP,Connellsville HS,VIS-PERC,"11.200 1
st",
2/3/2024,Marching Percussion: SRP,Connellsville HS,VE-PERC,"10.500 1
st",
2/3/2024,Marching Percussion: SRP,Connellsville HS,MUS-PERC,"16.400 1
st",
2/3/2024,Marching Percussion: SRP,Connellsville HS,ME-PERC,"15.600 1
st",
2/3/2024,Marching Percussion: SRP,Connellsville HS,Total,,53.600
2/3/2024,Stationary Percussion: SOS,McKeesport Area HS,MUS-SPERC,"32.600 2
nd",
2/3/2024,Stationary Percussion: SOS,McKeesport Area HS,ART-SPERC,"32.100 2
nd",
2/3/2024,Stationary Percussion: SOS,McKeesport Area HS,Total,,64.700
2/3/2024,Stationary Percussion: SAS,Jeannette HS,MUS-SPERC,26.000,
2/3/2024,Stationary Percussion: SAS,Jeannette HS,ART-SPERC,22.900,
2/3/2024,Stationary Percussion: SAS,Jeannette HS,Total,,48.900
2/3/2024,Dance: ICD,Co-Motion,CAD D,"Bronze 1
st",
2/3/2024,Dance: ICD,Co-Motion,CAD D,"Silver 1
st",
2/3/2024,Dance: ICD,Co-Motion,Total,,Silver
2/3/2024,Dance: IRD,Fast Forward,MV70-130-DANCE,"32.280 1
st",
2/3/2024,Dance: IRD,Fast Forward,DES 70/130,"13.080 1
st",
2/3/2024,Dance: IRD,Fast Forward,GE 70/130,"12.810 1
st",
2/3/2024,Dance: IRD,Fast Forward,GE 70/130,"12.940 1
st",
2/3/2024,Dance: IRD,Fast Forward,Total,,71.110
2/3/2024,Dance: IAD,Fast Forward,MV70-130-DANCE,"32.680 1
st",
2/3/2024,Dance: IAD,Fast Forward,DES 10/10,"13.500 1
st",
2/3/2024,Dance: IAD,Fast Forward,GE 10/10,"13.800 1
st",
2/3/2024,Dance: IAD,Fast Forward,GE 10/10,"13.400 1
st",
2/3/2024,Dance: IAD,Fast Forward,Total,,73.380
2/3/2024,Dance: IOD,Co-Motion,MV10-10-DANCE,"27.200 1
st",
2/3/2024,Dance: IOD,Co-Motion,DES 10/10,"13.400 1
st",
2/3/2024,Dance: IOD,Co-Motion,GE 10/10,"13.400 1
st",
2/3/2024,Dance: IOD,Co-Motion,GE 10/10,"13.000 1
st",
2/3/2024,Dance: IOD,Co-Motion,Total,,67.000
2/3/2024,Guard: SRG,McKeesport Area HS,EQ70-130,"14.610 1
st",
2/3/2024,Guard: SRG,McKeesport Area HS,MV70-130,"14.880 1
st",
2/3/2024,Guard: SRG,McKeesport Area HS,DES 70/130,"13.010 1
st",
2/3/2024,Guard: SRG,McKeesport Area HS,GE 70/130,"12.810 1
st",
2/3/2024,Guard: SRG,McKeesport Area HS,GE 70/130,"12.410 1
st",
2/3/2024,Guard: SRG,McKeesport Area HS,Total,,67.720
2/3/2024,Guard: SNG,Connellsville HS,EQ70-130,"10.740 4
th",
2/3/2024,Guard: SNG,Connellsville HS,MV70-130,"10.010 3
rd",
2/3/2024,Guard: SNG,Connellsville HS,DES 70/130,"10.080 4
th",
2/3/2024,Guard: SNG,Connellsville HS,GE 70/130,"10.210 4
th",
2/3/2024,Guard: SNG,Connellsville HS,GE 70/130,"9.950 4
th",
2/3/2024,Guard: SNG,Connellsville HS,Total,,50.990
2/3/2024,,,,,
2/10/2024,Marching Percussion: SRP,Ringgold HS,VIS-PERC,"10.000 1
st",
2/10/2024,Marching Percussion: SRP,Ringgold HS,VE-PERC,"12.400 1
st",
2/10/2024,Marching Percussion: SRP,Ringgold HS,MUS-PERC,"13.900 1
st",
2/10/2024,Marching Percussion: SRP,Ringgold HS,ME-PERC,"18.750 1
st",
2/10/2024,Marching Percussion: SRP,Ringgold HS,Total,,55.050
2/10/2024,Dance: ICD,Exquisite Cadets,CAD D,"Silver 1
st",
2/10/2024,Dance: ICD,Exquisite Cadets,CAD D,"Silver 1
st",
2/10/2024,Dance: ICD,Exquisite Cadets,Total,,Silver
2/10/2024,Dance: IRD,Fast Forward,MV70-130-DANCE,"33.080 1
st",
2/10/2024,Dance: IRD,Fast Forward,DES 70/130,"12.950 1
st",
2/10/2024,Dance: IRD,Fast Forward,GE 70/130,"13.550 1
st",
2/10/2024,Dance: IRD,Fast Forward,GE 70/130,"13.550 1
st",
2/10/2024,Dance: IRD,Fast Forward,Total,,73.130
2/10/2024,Dance: IAD,Fast Forward,MV70-130-DANCE,"33.620 1
st",
2/10/2024,Dance: IAD,Fast Forward,DES 10/10,"14.500 1
st",
2/10/2024,Dance: IAD,Fast Forward,GE 10/10,"14.400 1
st",
2/10/2024,Dance: IAD,Fast Forward,GE 10/10,"14.400 1
st",
2/10/2024,Dance: IAD,Fast Forward,Total,,76.920
2/10/2024,Dance: IOD,Co-Motion,MV10-10-DANCE,"28.600 1
st",
2/10/2024,Dance: IOD,Co-Motion,DES 10/10,"13.600 1
st",
2/10/2024,Dance: IOD,Co-Motion,GE 10/10,"13.700 1
st",
2/10/2024,Dance: IOD,Co-Motion,GE 10/10,"13.700 1
st",
2/10/2024,Dance: IOD,Co-Motion,Total,,69.600
2/10/2024,Twirlers: IRT,Fast Forward,EQ70-130,"15.590 1
st",
2/10/2024,Twirlers: IRT,Fast Forward,MV70-130,"15.410 1
st",
2/10/2024,Twirlers: IRT,Fast Forward,DES 70/130,"12.950 1
st",
2/10/2024,Twirlers: IRT,Fast Forward,GE 70/130,"13.210 1
st",
2/10/2024,Twirlers: IRT,Fast Forward,GE 70/130,"13.210 1
st",
2/10/2024,Twirlers: IRT,Fast Forward,Total,,70.370
2/10/2024,Twirlers: IAT,Fast Forward,EQ70-130,"14.790 1
st",
2/10/2024,Twirlers: IAT,Fast Forward,MV70-130,"15.020 1
st",
2/10/2024,Twirlers: IAT,Fast Forward,DES 10/10,"13.000 1
st",
2/10/2024,Twirlers: IAT,Fast Forward,GE 10/10,"13.700 1
st",
2/10/2024,Twirlers: IAT,Fast Forward,GE 10/10,"13.700 1
st",
2/10/2024,Twirlers: IAT,Fast Forward,Total,,70.210
2/10/2024,Guard: IWG,Andromeda X,EQ10-10,"8.000 1
st",
2/10/2024,Guard: IWG,Andromeda X,MV10-10,"8.000 1
st",
2/10/2024,Guard: IWG,Andromeda X,DES 10/10,"8.100 1
st",
2/10/2024,Guard: IWG,Andromeda X,GE 10/10,"8.000 1
st",
2/10/2024,Guard: IWG,Andromeda X,GE 10/10,"8.000 1
st",
2/10/2024,Guard: IWG,Andromeda X,Total,,40.100
2/10/2024,Guard: SNG,Hempfield Area HS (8),EQ70-130,"17.140 1
st",
2/10/2024,Guard: SNG,Hempfield Area HS (8),MV70-130,"14.080 1
st",
2/10/2024,Guard: SNG,Hempfield Area HS (8),DES 70/130,"11.080 1
st",
2/10/2024,Guard: SNG,Hempfield Area HS (8),GE 70/130,"12.670 1
st",
2/10/2024,Guard: SNG,Hempfield Area HS (8),GE 70/130,"12.670 1
st",
2/10/2024,Guard: SNG,Hempfield Area HS (8),Total,,67.640
2/10/2024,,,,,
2/10/2024,Stationary Percussion: SAS,New Providence HS (G),MUS-SPERC,"34.400 1
st",
2/10/2024,Stationary Percussion: SAS,New Providence HS (G),ART-SPERC,"32.300 1
st",
2/10/2024,Stationary Percussion: SAS,New Providence HS (G),Total,,66.700
2/10/2024,Stationary Percussion: SOS,Triton Regional HS,MUS-SPERC,"31.200 2
nd",
2/10/2024,Stationary Percussion: SOS,Triton Regional HS,ART-SPERC,"30.300 2
nd",
2/10/2024,Stationary Percussion: SOS,Triton Regional HS,Total,,61.500
2/10/2024,Marching Percussion: SRP,Caesar Rodney HS,VIS-PERC,"12.000 2
nd",
2/10/2024,Marching Percussion: SRP,Caesar Rodney HS,VE-PERC,"13.300 1
st",
2/10/2024,Marching Percussion: SRP,Caesar Rodney HS,MUS-PERC,"22.900 1
st",
2/10/2024,Marching Percussion: SRP,Caesar Rodney HS,ME-PERC,"23.550 1
st",
2/10/2024,Marching Percussion: SRP,Caesar Rodney HS,Total,,71.750
2/10/2024,Marching Percussion: SAP,Highland Regional HS,VIS-PERC,"11.900 3
rd",
2/10/2024,Marching Percussion: SAP,Highland Regional HS,VE-PERC,"13.100 1
st",
2/10/2024,Marching Percussion: SAP,Highland Regional HS,MUS-PERC,"22.300 1
st",
2/10/2024,Marching Percussion: SAP,Highland Regional HS,ME-PERC,"21.900 1
st",
2/10/2024,Marching Percussion: SAP,Highland Regional HS,Total,,69.200
2/10/2024,Marching Percussion: SNP,New Brunswick HS,VIS-PERC,"8.000 1
st",
2/10/2024,Marching Percussion: SNP,New Brunswick HS,VE-PERC,"8.000 1
st",
2/10/2024,Marching Percussion: SNP,New Brunswick HS,MUS-PERC,"19.700 1
st",
2/10/2024,Marching Percussion: SNP,New Brunswick HS,ME-PERC,"14.250 1
st",
2/10/2024,Marching Percussion: SNP,New Brunswick HS,Total,,49.950
2/10/2024,Dance: SAD,William Penn HS,MV70-130-DANCE,"19.760 1
st",
2/10/2024,Dance: SAD,William Penn HS,DES 10/10,"9.700 1
st",
2/10/2024,Dance: SAD,William Penn HS,GE 10/10,"11.200 1
st",
2/10/2024,Dance: SAD,William Penn HS,GE 10/10,"10.500 1
st",
2/10/2024,Dance: SAD,William Penn HS,Total,,51.160
2/10/2024,Guard: IRG,True Colors,EQ70-130,"10.480 1
st",
2/10/2024,Guard: IRG,True Colors,MV70-130,"10.610 1
st",
2/10/2024,Guard: IRG,True Colors,DES 70/130,"11.150 1
st",
2/10/2024,Guard: IRG,True Colors,GE 70/130,"10.880 1
st",
2/10/2024,Guard: IRG,True Colors,GE 70/130,"10.550 1
st",
2/10/2024,Guard: IRG,True Colors,Total,,53.670
2/10/2024,Guard: SRG,Hunterdon Central Regional HS,EQ70-130,"12.690 2
nd",
2/10/2024,Guard: SRG,Hunterdon Central Regional HS,MV70-130,"11.560 4
th",
2/10/2024,Guard: SRG,Hunterdon Central Regional HS,DES 70/130,"12.680 4
th",
2/10/2024,Guard: SRG,Hunterdon Central Regional HS,GE 70/130,"13.080 4
th",
2/10/2024,Guard: SRG,Hunterdon Central Regional HS,GE 70/130,"12.350 4
th",
2/10/2024,Guard: SRG,Hunterdon Central Regional HS,Total,,62.360
2/10/2024,Guard: SAG,Perkiomen Valley HS,EQ70-130,"13.140 1
st",
2/10/2024,Guard: SAG,Perkiomen Valley HS,MV70-130,"11.680 1
st",
2/10/2024,Guard: SAG,Perkiomen Valley HS,DES 10/10,"12.100 1
st",
2/10/2024,Guard: SAG,Perkiomen Valley HS,GE 10/10,"13.300 1
st",
2/10/2024,Guard: SAG,Perkiomen Valley HS,GE 10/10,"13.600 1
st",
2/10/2024,Guard: SAG,Perkiomen Valley HS,Total,,63.820
2/10/2024,Guard: SNG,Williamstown HS,EQ70-130,"10.540 4
th",
2/10/2024,Guard: SNG,Williamstown HS,MV70-130,"11.090 3
rd",
2/10/2024,Guard: SNG,Williamstown HS,DES 70/130,"9.350 4
th",
2/10/2024,Guard: SNG,Williamstown HS,GE 70/130,"9.350 4
th",
2/10/2024,Guard: SNG,Williamstown HS,GE 70/130,"9.550 4
th",
2/10/2024,Guard: SNG,Williamstown HS,Total,,49.880
2/10/2024,,,,,
2/10/2024,Stationary Percussion: SAS,Conrad Weiser HS,MUS-SPERC,"35.000 1
st",
2/10/2024,Stationary Percussion: SAS,Conrad Weiser HS,ART-SPERC,"33.800 1
st",
2/10/2024,Stationary Percussion: SAS,Conrad Weiser HS,Total,,68.800
2/10/2024,Marching Percussion: SNP,Hazleton HS,VIS-PERC,"9.700 1
st",
2/10/2024,Marching Percussion: SNP,Hazleton HS,VE-PERC,"8.900 1
st",
2/10/2024,Marching Percussion: SNP,Hazleton HS,MUS-PERC,"13.300 1
st",
2/10/2024,Marching Percussion: SNP,Hazleton HS,ME-PERC,"14.250 1
st",
2/10/2024,Marching Percussion: SNP,Hazleton HS,Total,,46.150
2/10/2024,Guard: SMG,Northern York MS,EQ70-130,"13.140 1
st",
2/10/2024,Guard: SMG,Northern York MS,MV70-130,"12.610 1
st",
2/10/2024,Guard: SMG,Northern York MS,DES 70/130,"10.610 1
st",
2/10/2024,Guard: SMG,Northern York MS,GE 70/130,"10.960 1
st",
2/10/2024,Guard: SMG,Northern York MS,GE 70/130,"11.760 1
st",
2/10/2024,Guard: SMG,Northern York MS,Total,,59.080
2/10/2024,Guard: SNG,Hazleton Area HS,EQ70-130,"9.130 4
th",
2/10/2024,Guard: SNG,Hazleton Area HS,MV70-130,"10.810 3
rd",
2/10/2024,Guard: SNG,Hazleton Area HS,DES 70/130,"10.140 3
rd",
2/10/2024,Guard: SNG,Hazleton Area HS,GE 70/130,"9.610 5
th",
2/10/2024,Guard: SNG,Hazleton Area HS,GE 70/130,"11.190 6
th",
2/10/2024,Guard: SNG,Hazleton Area HS,Total,,50.880
2/10/2024,Guard: SRG,Hershey HS,EQ70-130,"12.600 2
nd",
2/10/2024,Guard: SRG,Hershey HS,MV70-130,"13.010 1
st",
2/10/2024,Guard: SRG,Hershey HS,DES 70/130,"12.810 1
st",
2/10/2024,Guard: SRG,Hershey HS,GE 70/130,"12.750 2
nd",
2/10/2024,Guard: SRG,Hershey HS,GE 70/130,"13.010 1
st",
2/10/2024,Guard: SRG,Hershey HS,Total,,64.180
2/10/2024,Guard: IRG,Moxie Guard,EQ70-130,"11.870 1
st",
2/10/2024,Guard: IRG,Moxie Guard,MV70-130,"12.680 1
st",
2/10/2024,Guard: IRG,Moxie Guard,DES 70/130,"12.940 1
st",
2/10/2024,Guard: IRG,Moxie Guard,GE 70/130,"12.680 1
st",
2/10/2024,Guard: IRG,Moxie Guard,GE 70/130,"13.070 1
st",
2/10/2024,Guard: IRG,Moxie Guard,Total,,63.240
2/10/2024,Guard: SAG,Northern York HS,EQ70-130,"11.820 1
st",
2/10/2024,Guard: SAG,Northern York HS,MV70-130,"12.030 2
nd",
2/10/2024,Guard: SAG,Northern York HS,DES 10/10,"12.000 2
nd",
2/10/2024,Guard: SAG,Northern York HS,GE 10/10,"12.400 1
st",
2/10/2024,Guard: SAG,Northern York HS,GE 10/10,"12.900 1
st",
2/10/2024,Guard: SAG,Northern York HS,Total,,61.150
2/10/2024,Guard: IAG,Polaris,EQ70-130,"12.070 1
st",
2/10/2024,Guard: IAG,Polaris,MV70-130,"13.750 1
st",
2/10/2024,Guard: IAG,Polaris,DES 10/10,"13.700 1
st",
2/10/2024,Guard: IAG,Polaris,GE 10/10,"13.000 1
st",
2/10/2024,Guard: IAG,Polaris,GE 10/10,"13.900 1
st",
2/10/2024,Guard: IAG,Polaris,Total,,66.420
2/10/2024,Guard: IWG,Small Steps Big Dreams,EQ10-10,"8.000 1
st",
2/10/2024,Guard: IWG,Small Steps Big Dreams,MV10-10,"8.000 1
st",
2/10/2024,Guard: IWG,Small Steps Big Dreams,DES 10/10,"8.000 1
st",
2/10/2024,Guard: IWG,Small Steps Big Dreams,GE 10/10,"8.000 1
st",
2/10/2024,Guard: IWG,Small Steps Big Dreams,GE 10/10,"8.000 1
st",
2/10/2024,Guard: IWG,Small Steps Big Dreams,Total,,40.000
2/10/2024,Dance: SCD,Kutztown ES,CAD D,"Silver 1
st",
2/10/2024,Dance: SCD,Kutztown ES,CAD D,"Silver 1
st",
2/10/2024,Dance: SCD,Kutztown ES,Total,,Silver
2/10/2024,Dance: SMD,Kutztown MS,MV70-130-DANCE,"26.160 1
st",
2/10/2024,Dance: SMD,Kutztown MS,DES 70/130,"11.880 1
st",
2/10/2024,Dance: SMD,Kutztown MS,GE 70/130,"10.750 1
st",
2/10/2024,Dance: SMD,Kutztown MS,GE 70/130,"11.670 1
st",
2/10/2024,Dance: SMD,Kutztown MS,Total,,60.460
2/10/2024,Dance: IJD,Emerge,MV70-130-DANCE,32.960,
2/10/2024,Dance: IJD,Emerge,DES 70/130,14.210,
2/10/2024,Dance: IJD,Emerge,GE 70/130,15.470,
2/10/2024,Dance: IJD,Emerge,GE 70/130,14.870,
2/10/2024,Dance: IJD,Emerge,Total,,77.510
2/10/2024,Dance: SAD,Northern York HS,MV70-130-DANCE,"21.500 2
nd",
2/10/2024,Dance: SAD,Northern York HS,DES 10/10,"13.700 2
nd",
2/10/2024,Dance: SAD,Northern York HS,GE 10/10,"13.700 1
st",
2/10/2024,Dance: SAD,Northern York HS,GE 10/10,"13.400 1
st",
2/10/2024,Dance: SAD,Northern York HS,Total,,62.300
2/10/2024,Dance: IWD,Small Steps Big Dreams,MV10-10-DANCE,"16.000 2
nd",
2/10/2024,Dance: IWD,Small Steps Big Dreams,DES 10/10,"8.000 1
st",
2/10/2024,Dance: IWD,Small Steps Big Dreams,GE 10/10,"8.000 1
st",
2/10/2024,Dance: IWD,Small Steps Big Dreams,GE 10/10,"8.000 1
st",
2/10/2024,Dance: IWD,Small Steps Big Dreams,Total,,40.000
2/10/2024,Twirlers: SCT,Kutztown ES,CAD,"Bronze 1
st",
2/10/2024,Twirlers: SCT,Kutztown ES,CAD,"Bronze 1
st",
2/10/2024,Twirlers: SCT,Kutztown ES,CAD,"Bronze 1
st",
2/10/2024,Twirlers: SCT,Kutztown ES,Total,,Bronze
2/10/2024,Twirlers: SMT,Kutztown MS,EQ70-130,"9.940 2
nd",
2/10/2024,Twirlers: SMT,Kutztown MS,MV70-130,"10.350 2
nd",
2/10/2024,Twirlers: SMT,Kutztown MS,DES 70/130,"9.680 2
nd",
2/10/2024,Twirlers: SMT,Kutztown MS,GE 70/130,"9.420 2
nd",
2/10/2024,Twirlers: SMT,Kutztown MS,GE 70/130,"10.280 2
nd",
2/10/2024,Twirlers: SMT,Kutztown MS,Total,,49.670
2/10/2024,Twirlers: INT,Studio12,EQ70-130,"9.540 1
st",
2/10/2024,Twirlers: INT,Studio12,MV70-130,"9.220 1
st",
2/10/2024,Twirlers: INT,Studio12,DES 70/130,"9.480 1
st",
2/10/2024,Twirlers: INT,Studio12,GE 70/130,"9.750 1
st",
2/10/2024,Twirlers: INT,Studio12,GE 70/130,"11.150 1
st",
2/10/2024,Twirlers: INT,Studio12,Total,,49.140
2/10/2024,Twirlers: IRT,Boyertown Legionettes,EQ70-130,"12.540 1
st",
2/10/2024,Twirlers: IRT,Boyertown Legionettes,MV70-130,"11.620 1
st",
2/10/2024,Twirlers: IRT,Boyertown Legionettes,DES 70/130,"14.200 1
st",
2/10/2024,Twirlers: IRT,Boyertown Legionettes,GE 70/130,"12.820 1
st",
2/10/2024,Twirlers: IRT,Boyertown Legionettes,GE 70/130,"11.600 1
st",
2/10/2024,Twirlers: IRT,Boyertown Legionettes,Total,,62.780
2/10/2024,Twirlers: IAT,Impact,EQ70-130,"11.870 2
nd",
2/10/2024,Twirlers: IAT,Impact,MV70-130,"12.410 1
st",
2/10/2024,Twirlers: IAT,Impact,DES 10/10,"10.400 2
nd",
2/10/2024,Twirlers: IAT,Impact,GE 10/10,"11.300 2
nd",
2/10/2024,Twirlers: IAT,Impact,GE 10/10,"11.100 1
st",
2/10/2024,Twirlers: IAT,Impact,Total,,57.080
2/10/2024,Twirlers: SAT,Kutztown HS,EQ70-130,"11.810 1
st",
2/10/2024,Twirlers: SAT,Kutztown HS,MV70-130,"10.680 1
st",
2/10/2024,Twirlers: SAT,Kutztown HS,DES 10/10,"10.500 1
st",
2/10/2024,Twirlers: SAT,Kutztown HS,GE 10/10,"10.800 1
st",
2/10/2024,Twirlers: SAT,Kutztown HS,GE 10/10,"10.800 1
st",
2/10/2024,Twirlers: SAT,Kutztown HS,Total,,54.590
2/10/2024,Twirlers: IST,Revolution,EQ70-130,"11.820 1
st",
2/10/2024,Twirlers: IST,Revolution,MV70-130,"11.880 1
st",
2/10/2024,Twirlers: IST,Revolution,DES 10/10,"12.600 1
st",
2/10/2024,Twirlers: IST,Revolution,GE 10/10,"11.000 1
st",
2/10/2024,Twirlers: IST,Revolution,GE 10/10,"11.800 1
st",
2/10/2024,Twirlers: IST,Revolution,Total,,59.100
2/10/2024,Twirlers: IOT,Emerge,EQ10-10,--,
2/10/2024,Twirlers: IOT,Emerge,MV10-10,--,
2/10/2024,Twirlers: IOT,Emerge,DES 10/10,--,
2/10/2024,Twirlers: IOT,Emerge,GE 10/10,--,
2/10/2024,Twirlers: IOT,Emerge,GE 10/10,--,
2/10/2024,Twirlers: IOT,Emerge,Total,,--
2/10/2024,Twirlers: IWT,Small Steps Big Dreams,EQ10-10,"8.000 1
st",
2/10/2024,Twirlers: IWT,Small Steps Big Dreams,MV10-10,"8.000 1
st",
2/10/2024,Twirlers: IWT,Small Steps Big Dreams,DES 10/10,"8.000 1
st",
2/10/2024,Twirlers: IWT,Small Steps Big Dreams,GE 10/10,"8.000 1
st",
2/10/2024,Twirlers: IWT,Small Steps Big Dreams,GE 10/10,"8.000 1
st",
2/10/2024,Twirlers: IWT,Small Steps Big Dreams,Total,,40.000
2/10/2024,Dance: IOD,Emerge,Total,,--
2/10/2024,,,,,
2/10/2024,Marching Percussion: SNP,Cheltenham HS,VIS-PERC,"10.000 1
st",
2/10/2024,Marching Percussion: SNP,Cheltenham HS,VE-PERC,"10.400 1
st",
2/10/2024,Marching Percussion: SNP,Cheltenham HS,MUS-PERC,"21.400 1
st",
2/10/2024,Marching Percussion: SNP,Cheltenham HS,ME-PERC,"13.650 1
st",
2/10/2024,Marching Percussion: SNP,Cheltenham HS,Total,,55.450
2/10/2024,Marching Percussion: SRP,Chichester HS,VIS-PERC,"12.800 1
st",
2/10/2024,Marching Percussion: SRP,Chichester HS,VE-PERC,"12.000 2
nd",
2/10/2024,Marching Percussion: SRP,Chichester HS,MUS-PERC,"19.600 2
nd",
2/10/2024,Marching Percussion: SRP,Chichester HS,ME-PERC,"16.800 1
st",
2/10/2024,Marching Percussion: SRP,Chichester HS,Total,,61.200
2/10/2024,Marching Percussion: SAP,Garnet Valley HS,VIS-PERC,"11.500 1
st",
2/10/2024,Marching Percussion: SAP,Garnet Valley HS,VE-PERC,"11.400 1
st",
2/10/2024,Marching Percussion: SAP,Garnet Valley HS,MUS-PERC,"21.600 1
st",
2/10/2024,Marching Percussion: SAP,Garnet Valley HS,ME-PERC,"18.450 1
st",
2/10/2024,Marching Percussion: SAP,Garnet Valley HS,Total,,62.950
2/10/2024,Winds: SAW,Rising Sun HS,VA-W,"15.600 1
st",
2/10/2024,Winds: SAW,Rising Sun HS,OE-W,"22.000 1
st",
2/10/2024,Winds: SAW,Rising Sun HS,MA-W,"19.950 1
st",
2/10/2024,Winds: SAW,Rising Sun HS,Total,,57.550
2/10/2024,Dance: IND,Essence Legacy Diamonds,MV70-130-DANCE,"23.240 1
st",
2/10/2024,Dance: IND,Essence Legacy Diamonds,DES 70/130,"11.950 1
st",
2/10/2024,Dance: IND,Essence Legacy Diamonds,GE 70/130,"10.680 1
st",
2/10/2024,Dance: IND,Essence Legacy Diamonds,GE 70/130,"12.010 1
st",
2/10/2024,Dance: IND,Essence Legacy Diamonds,Total,,57.880
2/10/2024,Guard: IJG,Synergy,EQ70-130,"12.610 1
st",
2/10/2024,Guard: IJG,Synergy,MV70-130,"12.680 1
st",
2/10/2024,Guard: IJG,Synergy,DES 70/130,"13.420 1
st",
2/10/2024,Guard: IJG,Synergy,GE 70/130,"12.680 1
st",
2/10/2024,Guard: IJG,Synergy,GE 70/130,"12.750 1
st",
2/10/2024,Guard: IJG,Synergy,Total,,64.140
2/10/2024,Guard: ING,West Inverness Ambition,EQ70-130,"14.350 1
st",
2/10/2024,Guard: ING,West Inverness Ambition,MV70-130,"11.940 1
st",
2/10/2024,Guard: ING,West Inverness Ambition,DES 70/130,"13.950 1
st",
2/10/2024,Guard: ING,West Inverness Ambition,GE 70/130,"12.880 1
st",
2/10/2024,Guard: ING,West Inverness Ambition,GE 70/130,"12.740 1
st",
2/10/2024,Guard: ING,West Inverness Ambition,Total,,65.860
2/10/2024,Guard: SNG,Chichester HS,EQ70-130,"10.940 4
th",
2/10/2024,Guard: SNG,Chichester HS,MV70-130,"11.340 2
nd",
2/10/2024,Guard: SNG,Chichester HS,DES 70/130,"10.020 4
th",
2/10/2024,Guard: SNG,Chichester HS,GE 70/130,"10.210 4
th",
2/10/2024,Guard: SNG,Chichester HS,GE 70/130,"9.950 3
rd",
2/10/2024,Guard: SNG,Chichester HS,Total,,52.460
2/10/2024,Guard: IRG,Surge,EQ70-130,"13.880 1
st",
2/10/2024,Guard: IRG,Surge,MV70-130,"14.010 1
st",
2/10/2024,Guard: IRG,Surge,DES 70/130,"13.740 1
st",
2/10/2024,Guard: IRG,Surge,GE 70/130,"12.210 1
st",
2/10/2024,Guard: IRG,Surge,GE 70/130,"13.210 1
st",
2/10/2024,Guard: IRG,Surge,Total,,67.050
2/10/2024,Guard: SRG,Cab Calloway HS,EQ70-130,"12.940 1
st",
2/10/2024,Guard: SRG,Cab Calloway HS,MV70-130,"11.150 1
st",
2/10/2024,Guard: SRG,Cab Calloway HS,DES 70/130,"12.760 1
st",
2/10/2024,Guard: SRG,Cab Calloway HS,GE 70/130,"11.750 1
st",
2/10/2024,Guard: SRG,Cab Calloway HS,GE 70/130,"12.740 1
st",
2/10/2024,Guard: SRG,Cab Calloway HS,Total,,61.340
2/10/2024,Guard: IAG,High Voltage,EQ70-130,"14.280 1
st",
2/10/2024,Guard: IAG,High Voltage,MV70-130,"11.680 1
st",
2/10/2024,Guard: IAG,High Voltage,DES 10/10,"13.700 1
st",
2/10/2024,Guard: IAG,High Voltage,GE 10/10,"12.900 1
st",
2/10/2024,Guard: IAG,High Voltage,GE 10/10,"13.300 1
st",
2/10/2024,Guard: IAG,High Voltage,Total,,65.860
2/10/2024,Guard: SAG,Radnor HS,EQ70-130,"13.010 1
st",
2/10/2024,Guard: SAG,Radnor HS,MV70-130,"10.810 1
st",
2/10/2024,Guard: SAG,Radnor HS,DES 10/10,"12.300 1
st",
2/10/2024,Guard: SAG,Radnor HS,GE 10/10,"11.800 1
st",
2/10/2024,Guard: SAG,Radnor HS,GE 10/10,"11.300 1
st",
2/10/2024,Guard: SAG,Radnor HS,Total,,59.220
2/10/2024,Guard: ISG,West Inverness Resolve,EQ70-130,"12.540 1
st",
2/10/2024,Guard: ISG,West Inverness Resolve,MV70-130,"10.800 1
st",
2/10/2024,Guard: ISG,West Inverness Resolve,DES 10/10,"11.300 1
st",
2/10/2024,Guard: ISG,West Inverness Resolve,GE 10/10,"11.500 1
st",
2/10/2024,Guard: ISG,West Inverness Resolve,GE 10/10,"10.300 1
st",
2/10/2024,Guard: ISG,West Inverness Resolve,Total,,56.440
2/10/2024,Guard: SUG,The Pride Winterguard of Widener University (G),EQ70-130,"13.340 1
st",
2/10/2024,Guard: SUG,The Pride Winterguard of Widener University (G),MV70-130,"10.480 1
st",
2/10/2024,Guard: SUG,The Pride Winterguard of Widener University (G),DES 10/10,"12.100 1
st",
2/10/2024,Guard: SUG,The Pride Winterguard of Widener University (G),GE 10/10,"13.800 1
st",
2/10/2024,Guard: SUG,The Pride Winterguard of Widener University (G),GE 10/10,"10.800 1
st",
2/10/2024,Guard: SUG,The Pride Winterguard of Widener University (G),Total,,60.520
2/10/2024,,,,,
2/17/2024,Twirlers: SCT,Forest Hills ES,CAD,"Bronze 1
st",
2/17/2024,Twirlers: SCT,Forest Hills ES,CAD,"Bronze 1
st",
2/17/2024,Twirlers: SCT,Forest Hills ES,CAD,"Bronze 1
st",
2/17/2024,Twirlers: SCT,Forest Hills ES,Total,,Bronze
2/17/2024,Twirlers: ICT,Windber Cadets,CAD,"Silver 1
st",
2/17/2024,Twirlers: ICT,Windber Cadets,CAD,"Silver 1
st",
2/17/2024,Twirlers: ICT,Windber Cadets,CAD,"Silver 1
st",
2/17/2024,Twirlers: ICT,Windber Cadets,Total,,Silver
2/17/2024,Twirlers: SMT,Glendale MS,EQ70-130,"11.960 1
st",
2/17/2024,Twirlers: SMT,Glendale MS,MV70-130,"11.410 1
st",
2/17/2024,Twirlers: SMT,Glendale MS,DES 70/130,"11.960 1
st",
2/17/2024,Twirlers: SMT,Glendale MS,GE 70/130,"11.880 1
st",
2/17/2024,Twirlers: SMT,Glendale MS,GE 70/130,"12.680 1
st",
2/17/2024,Twirlers: SMT,Glendale MS,Total,,59.890
2/17/2024,Twirlers: IJT,Windber Jr,EQ70-130,"13.090 1
st",
2/17/2024,Twirlers: IJT,Windber Jr,MV70-130,"12.480 1
st",
2/17/2024,Twirlers: IJT,Windber Jr,DES 70/130,"12.820 1
st",
2/17/2024,Twirlers: IJT,Windber Jr,GE 70/130,"12.610 1
st",
2/17/2024,Twirlers: IJT,Windber Jr,GE 70/130,"14.010 1
st",
2/17/2024,Twirlers: IJT,Windber Jr,Total,,65.010
2/17/2024,Twirlers: INT,Wolf's Performing Arts,EQ70-130,"14.480 1
st",
2/17/2024,Twirlers: INT,Wolf's Performing Arts,MV70-130,"14.020 1
st",
2/17/2024,Twirlers: INT,Wolf's Performing Arts,DES 70/130,"11.760 2
nd",
2/17/2024,Twirlers: INT,Wolf's Performing Arts,GE 70/130,"11.810 2
nd",
2/17/2024,Twirlers: INT,Wolf's Performing Arts,GE 70/130,"12.610 2
nd",
2/17/2024,Twirlers: INT,Wolf's Performing Arts,Total,,64.680
2/17/2024,Twirlers: SNT,Forest Hills HS,EQ70-130,"9.080 3
rd",
2/17/2024,Twirlers: SNT,Forest Hills HS,MV70-130,"10.410 3
rd",
2/17/2024,Twirlers: SNT,Forest Hills HS,DES 70/130,"10.620 3
rd",
2/17/2024,Twirlers: SNT,Forest Hills HS,GE 70/130,"10.280 3
rd",
2/17/2024,Twirlers: SNT,Forest Hills HS,GE 70/130,"10.280 3
rd",
2/17/2024,Twirlers: SNT,Forest Hills HS,Total,,50.670
2/17/2024,Twirlers: SUT,Penn State Elegance,EQ70-130,"13.620 1
st",
2/17/2024,Twirlers: SUT,Penn State Elegance,MV70-130,"10.550 1
st",
2/17/2024,Twirlers: SUT,Penn State Elegance,DES 10/10,"10.600 1
st",
2/17/2024,Twirlers: SUT,Penn State Elegance,GE 10/10,"10.500 1
st",
2/17/2024,Twirlers: SUT,Penn State Elegance,GE 10/10,"10.800 1
st",
2/17/2024,Twirlers: SUT,Penn State Elegance,Total,,56.070
2/17/2024,Twirlers: IAT,Starlite Twirlers,EQ70-130,"14.350 1
st",
2/17/2024,Twirlers: IAT,Starlite Twirlers,MV70-130,"12.280 1
st",
2/17/2024,Twirlers: IAT,Starlite Twirlers,DES 10/10,"11.400 1
st",
2/17/2024,Twirlers: IAT,Starlite Twirlers,GE 10/10,"10.800 1
st",
2/17/2024,Twirlers: IAT,Starlite Twirlers,GE 10/10,"11.000 1
st",
2/17/2024,Twirlers: IAT,Starlite Twirlers,Total,,59.830
2/17/2024,Dance: IJD,Haven Performing Arts,MV70-130-DANCE,"28.960 1
st",
2/17/2024,Dance: IJD,Haven Performing Arts,GE 70/130,"16.540 1
st",
2/17/2024,Dance: IJD,Haven Performing Arts,GE 70/130,"16.270 1
st",
2/17/2024,Dance: IJD,Haven Performing Arts,DES 70/130,"15.610 1
st",
2/17/2024,Dance: IJD,Haven Performing Arts,Total,,77.380
2/17/2024,Dance: IND,Starlite Dance,MV70-130-DANCE,"22.820 3
rd",
2/17/2024,Dance: IND,Starlite Dance,DES 70/130,"10.490 3
rd",
2/17/2024,Dance: IND,Starlite Dance,GE 70/130,"10.680 2
nd",
2/17/2024,Dance: IND,Starlite Dance,GE 70/130,"12.810 2
nd",
2/17/2024,Dance: IND,Starlite Dance,Total,,56.800
2/17/2024,Dance: SRD,St Marys Area HS,MV70-130-DANCE,"24.820 1
st",
2/17/2024,Dance: SRD,St Marys Area HS,DES 70/130,"13.680 1
st",
2/17/2024,Dance: SRD,St Marys Area HS,GE 70/130,"13.210 1
st",
2/17/2024,Dance: SRD,St Marys Area HS,GE 70/130,"14.010 1
st",
2/17/2024,Dance: SRD,St Marys Area HS,Total,,65.720
2/17/2024,Dance: IRD,Wolf's Performing Arts,MV70-130-DANCE,"32.020 1
st",
2/17/2024,Dance: IRD,Wolf's Performing Arts,DES 70/130,"14.210 1
st",
2/17/2024,Dance: IRD,Wolf's Performing Arts,GE 70/130,"14.210 1
st",
2/17/2024,Dance: IRD,Wolf's Performing Arts,GE 70/130,"14.870 1
st",
2/17/2024,Dance: IRD,Wolf's Performing Arts,Total,,75.310
2/17/2024,Guard: SMG,Mifflin County MS,EQ70-130,"9.400 1
st",
2/17/2024,Guard: SMG,Mifflin County MS,MV70-130,"10.810 1
st",
2/17/2024,Guard: SMG,Mifflin County MS,DES 70/130,"10.350 1
st",
2/17/2024,Guard: SMG,Mifflin County MS,GE 70/130,"10.210 1
st",
2/17/2024,Guard: SMG,Mifflin County MS,GE 70/130,"11.010 1
st",
2/17/2024,Guard: SMG,Mifflin County MS,Total,,51.780
2/17/2024,Guard: SNG,Somerset Area HS,EQ70-130,"10.220 7
th",
2/17/2024,Guard: SNG,Somerset Area HS,MV70-130,"11.010 7
th",
2/17/2024,Guard: SNG,Somerset Area HS,DES 70/130,"9.090 7
th",
2/17/2024,Guard: SNG,Somerset Area HS,GE 70/130,"9.950 7
th",
2/17/2024,Guard: SNG,Somerset Area HS,GE 70/130,"10.410 7
th",
2/17/2024,Guard: SNG,Somerset Area HS,Total,,50.680
2/17/2024,Guard: ING,SB Twirl Co. Guard,EQ70-130,"9.150 1
st",
2/17/2024,Guard: ING,SB Twirl Co. Guard,MV70-130,"8.950 1
st",
2/17/2024,Guard: ING,SB Twirl Co. Guard,DES 70/130,"9.030 1
st",
2/17/2024,Guard: ING,SB Twirl Co. Guard,GE 70/130,"9.350 1
st",
2/17/2024,Guard: ING,SB Twirl Co. Guard,GE 70/130,"10.080 1
st",
2/17/2024,Guard: ING,SB Twirl Co. Guard,Total,,46.560
2/17/2024,Guard: SRG,Johnstown HS,EQ70-130,"13.750 1
st",
2/17/2024,Guard: SRG,Johnstown HS,MV70-130,"14.340 1
st",
2/17/2024,Guard: SRG,Johnstown HS,DES 70/130,"12.550 3
rd",
2/17/2024,Guard: SRG,Johnstown HS,GE 70/130,"11.950 3
rd",
2/17/2024,Guard: SRG,Johnstown HS,GE 70/130,"13.870 1
st",
2/17/2024,Guard: SRG,Johnstown HS,Total,,66.460
2/17/2024,Marching Percussion: INP,Darkhorse Percussion,VIS-PERC,"13.000 1
st",
2/17/2024,Marching Percussion: INP,Darkhorse Percussion,VE-PERC,"10.200 1
st",
2/17/2024,Marching Percussion: INP,Darkhorse Percussion,MUS-PERC,"16.300 1
st",
2/17/2024,Marching Percussion: INP,Darkhorse Percussion,ME-PERC,"16.950 1
st",
2/17/2024,Marching Percussion: INP,Darkhorse Percussion,Total,,56.450
2/17/2024,Marching Percussion: SNP,St. Marys Area HS,VIS-PERC,"11.500 1
st",
2/17/2024,Marching Percussion: SNP,St. Marys Area HS,VE-PERC,"10.500 1
st",
2/17/2024,Marching Percussion: SNP,St. Marys Area HS,MUS-PERC,"15.300 1
st",
2/17/2024,Marching Percussion: SNP,St. Marys Area HS,ME-PERC,"15.600 1
st",
2/17/2024,Marching Percussion: SNP,St. Marys Area HS,Total,,52.900
2/17/2024,Marching Percussion: SRP,Homer-Center HS,VIS-PERC,"14.400 1
st",
2/17/2024,Marching Percussion: SRP,Homer-Center HS,VE-PERC,"13.700 1
st",
2/17/2024,Marching Percussion: SRP,Homer-Center HS,MUS-PERC,"18.900 3
rd",
2/17/2024,Marching Percussion: SRP,Homer-Center HS,ME-PERC,"21.750 1
st",
2/17/2024,Marching Percussion: SRP,Homer-Center HS,Total,,68.750
2/17/2024,Stationary Percussion: SAS,Bald Eagle Area HS,MUS-SPERC,"36.100 1
st",
2/17/2024,Stationary Percussion: SAS,Bald Eagle Area HS,ART-SPERC,"34.400 1
st",
2/17/2024,Stationary Percussion: SAS,Bald Eagle Area HS,Total,,70.500
2/17/2024,Stationary Percussion: SOS,Tyrone HS,MUS-SPERC,35.100,
2/17/2024,Stationary Percussion: SOS,Tyrone HS,ART-SPERC,38.400,
2/17/2024,Stationary Percussion: SOS,Tyrone HS,Total,,73.500
2/17/2024,,,,,
2/17/2024,Marching Percussion: SNP,West Mifflin HS,VIS-PERC,"9.900 1
st",
2/17/2024,Marching Percussion: SNP,West Mifflin HS,VE-PERC,"9.800 1
st",
2/17/2024,Marching Percussion: SNP,West Mifflin HS,MUS-PERC,"17.400 1
st",
2/17/2024,Marching Percussion: SNP,West Mifflin HS,ME-PERC,"15.450 1
st",
2/17/2024,Marching Percussion: SNP,West Mifflin HS,Total,,52.550
2/17/2024,Marching Percussion: SRP,Connellsville HS,VIS-PERC,"11.200 1
st",
2/17/2024,Marching Percussion: SRP,Connellsville HS,VE-PERC,"10.200 1
st",
2/17/2024,Marching Percussion: SRP,Connellsville HS,MUS-PERC,"18.900 1
st",
2/17/2024,Marching Percussion: SRP,Connellsville HS,ME-PERC,"16.950 1
st",
2/17/2024,Marching Percussion: SRP,Connellsville HS,Total,,57.100
2/17/2024,Stationary Percussion: SOS,McKeesport Area HS,MUS-SPERC,34.500,
2/17/2024,Stationary Percussion: SOS,McKeesport Area HS,ART-SPERC,33.600,
2/17/2024,Stationary Percussion: SOS,McKeesport Area HS,Total,,68.100
2/17/2024,Twirlers: SCT,Hempfield Area ES (8),CAD,"Silver 1
st",
2/17/2024,Twirlers: SCT,Hempfield Area ES (8),CAD,"Silver 1
st",
2/17/2024,Twirlers: SCT,Hempfield Area ES (8),CAD,"Silver 1
st",
2/17/2024,Twirlers: SCT,Hempfield Area ES (8),Total,,Silver
2/17/2024,Twirlers: IRT,Fast Forward,EQ70-130,"15.280 1
st",
2/17/2024,Twirlers: IRT,Fast Forward,MV70-130,"15.410 1
st",
2/17/2024,Twirlers: IRT,Fast Forward,DES 70/130,"13.620 1
st",
2/17/2024,Twirlers: IRT,Fast Forward,GE 70/130,"14.280 1
st",
2/17/2024,Twirlers: IRT,Fast Forward,GE 70/130,"13.680 1
st",
2/17/2024,Twirlers: IRT,Fast Forward,Total,,72.270
2/17/2024,Twirlers: SNT,Hempfield Area MS (8),EQ70-130,"14.280 1
st",
2/17/2024,Twirlers: SNT,Hempfield Area MS (8),MV70-130,"11.340 1
st",
2/17/2024,Twirlers: SNT,Hempfield Area MS (8),DES 70/130,"12.480 1
st",
2/17/2024,Twirlers: SNT,Hempfield Area MS (8),GE 70/130,"12.080 1
st",
2/17/2024,Twirlers: SNT,Hempfield Area MS (8),GE 70/130,"12.740 1
st",
2/17/2024,Twirlers: SNT,Hempfield Area MS (8),Total,,62.920
2/17/2024,Twirlers: SAT,Hempfield Area HS (8),EQ70-130,--,
2/17/2024,Twirlers: SAT,Hempfield Area HS (8),MV70-130,--,
2/17/2024,Twirlers: SAT,Hempfield Area HS (8),DES 10/10,--,
2/17/2024,Twirlers: SAT,Hempfield Area HS (8),GE 10/10,--,
2/17/2024,Twirlers: SAT,Hempfield Area HS (8),GE 10/10,--,
2/17/2024,Twirlers: SAT,Hempfield Area HS (8),Total,,--
2/17/2024,Dance: ICD,Co-Motion,CAD D,"Silver 1
st",
2/17/2024,Dance: ICD,Co-Motion,CAD D,"Silver 1
st",
2/17/2024,Dance: ICD,Co-Motion,Total,,Silver
2/17/2024,Dance: IRD,Technique by Toni,MV70-130-DANCE,--,
2/17/2024,Dance: IRD,Technique by Toni,DES 70/130,--,
2/17/2024,Dance: IRD,Technique by Toni,GE 70/130,--,
2/17/2024,Dance: IRD,Technique by Toni,GE 70/130,--,
2/17/2024,Dance: IRD,Technique by Toni,Total,,--
2/17/2024,Dance: IAD,Fast Forward,MV70-130-DANCE,"34.260 1
st",
2/17/2024,Dance: IAD,Fast Forward,DES 10/10,"15.300 1
st",
2/17/2024,Dance: IAD,Fast Forward,GE 10/10,"15.800 1
st",
2/17/2024,Dance: IAD,Fast Forward,GE 10/10,"14.900 1
st",
2/17/2024,Dance: IAD,Fast Forward,Total,,80.260
2/17/2024,Dance: IOD,Co-Motion,MV10-10-DANCE,"29.200 1
st",
2/17/2024,Dance: IOD,Co-Motion,DES 10/10,"14.000 1
st",
2/17/2024,Dance: IOD,Co-Motion,GE 10/10,"14.400 1
st",
2/17/2024,Dance: IOD,Co-Motion,GE 10/10,"13.100 1
st",
2/17/2024,Dance: IOD,Co-Motion,Total,,70.700
2/17/2024,Guard: SNG,Serra Catholic HS,EQ70-130,"11.010 6
th",
2/17/2024,Guard: SNG,Serra Catholic HS,MV70-130,"9.410 6
th",
2/17/2024,Guard: SNG,Serra Catholic HS,DES 70/130,"9.420 7
th",
2/17/2024,Guard: SNG,Serra Catholic HS,GE 70/130,"9.350 7
th",
2/17/2024,Guard: SNG,Serra Catholic HS,GE 70/130,"11.480 6
th",
2/17/2024,Guard: SNG,Serra Catholic HS,Total,,50.670
2/17/2024,Guard: SAG,Mt. Lebanon HS,EQ70-130,"14.150 1
st",
2/17/2024,Guard: SAG,Mt. Lebanon HS,MV70-130,"14.810 1
st",
2/17/2024,Guard: SAG,Mt. Lebanon HS,DES 10/10,"12.700 1
st",
2/17/2024,Guard: SAG,Mt. Lebanon HS,GE 10/10,"14.600 1
st",
2/17/2024,Guard: SAG,Mt. Lebanon HS,GE 10/10,"14.300 1
st",
2/17/2024,Guard: SAG,Mt. Lebanon HS,Total,,70.560
2/17/2024,Guard: SRG,Elizabeth Forward HS,EQ70-130,"13.610 1
st",
2/17/2024,Guard: SRG,Elizabeth Forward HS,MV70-130,"12.410 1
st",
2/17/2024,Guard: SRG,Elizabeth Forward HS,DES 70/130,"12.350 1
st",
2/17/2024,Guard: SRG,Elizabeth Forward HS,GE 70/130,"12.610 1
st",
2/17/2024,Guard: SRG,Elizabeth Forward HS,GE 70/130,"13.410 1
st",
2/17/2024,Guard: SRG,Elizabeth Forward HS,Total,,64.390
2/17/2024,,,,,
2/23/2024,Jazz : SMJB,Ventnor MS,JAZZ (2),43.500,
2/23/2024,Jazz : SMJB,Ventnor MS,JAZZ (2),43.725,
2/23/2024,Jazz : SMJB,Ventnor MS,Total,,87.225
2/23/2024,Jazz : SMJB,Ventnor MS,,,
2/23/2024,Jazz : SAJB,Egg Harbor Twp. HS,JAZZ (2),47.175,
2/23/2024,Jazz : SAJB,Egg Harbor Twp. HS,JAZZ (2),45.650,
2/23/2024,Jazz : SAJB,Egg Harbor Twp. HS,Total,,92.825
2/23/2024,Jazz : SAJB,Egg Harbor Twp. HS,,,
2/23/2024,Jazz : SOJB,Kingsway Regional HS,JAZZ (2),48.350,
2/23/2024,Jazz : SOJB,Kingsway Regional HS,JAZZ (2),47.650,
2/23/2024,Jazz : SOJB,Kingsway Regional HS,Total,,96.000
2/23/2024,Jazz : SOJB,Kingsway Regional HS,,,
2/23/2024,,,,,
2/24/2024,,,,,
2/24/2024,,,,,
2/24/2024,,,,,
2/24/2024,,,,,
2/24/2024,,,,,
2/24/2024,,,,,
2/24/2024,,,,,
2/24/2024,,,,,
2/24/2024,,,,,
2/24/2024,,,,,
2/24/2024,,,,,
2/24/2024,,,,,
2/24/2024,,,,,
2/24/2024,,,,,
2/24/2024,Dance: ICD,Studio12,CAD D,"Bronze 1
st",
2/24/2024,Dance: ICD,Studio12,CAD D,"Bronze 1
st",
2/24/2024,Dance: ICD,Studio12,Total,,Bronze
2/24/2024,Dance: IJD,Studio12,MV70-130-DANCE,"20.420 2
nd",
2/24/2024,Dance: IJD,Studio12,DES 70/130,"10.620 2
nd",
2/24/2024,Dance: IJD,Studio12,GE 70/130,"9.490 2
nd",
2/24/2024,Dance: IJD,Studio12,GE 70/130,"11.570 2
nd",
2/24/2024,Dance: IJD,Studio12,Total,,52.100
2/24/2024,Dance: IND,Studio12,MV70-130-DANCE,"19.620 3
rd",
2/24/2024,Dance: IND,Studio12,DES 70/130,"10.950 3
rd",
2/24/2024,Dance: IND,Studio12,GE 70/130,"9.220 3
rd",
2/24/2024,Dance: IND,Studio12,GE 70/130,"11.900 3
rd",
2/24/2024,Dance: IND,Studio12,Total,,51.690
2/24/2024,Dance: SAD,Northern York HS,MV70-130-DANCE,"25.480 1
st",
2/24/2024,Dance: SAD,Northern York HS,DES 10/10,"13.900 1
st",
2/24/2024,Dance: SAD,Northern York HS,GE 10/10,"13.800 1
st",
2/24/2024,Dance: SAD,Northern York HS,GE 10/10,"14.200 1
st",
2/24/2024,Dance: SAD,Northern York HS,Total,,67.380
2/24/2024,Twirlers: ICT,Studio12,CAD,"Bronze 2
nd",
2/24/2024,Twirlers: ICT,Studio12,CAD,"Bronze 2
nd",
2/24/2024,Twirlers: ICT,Studio12,CAD,"Bronze 2
nd",
2/24/2024,Twirlers: ICT,Studio12,Total,,Bronze
2/24/2024,Twirlers: IJT,Studio12,EQ70-130,"8.810 1
st",
2/24/2024,Twirlers: IJT,Studio12,MV70-130,"8.680 1
st",
2/24/2024,Twirlers: IJT,Studio12,DES 70/130,"8.880 1
st",
2/24/2024,Twirlers: IJT,Studio12,GE 70/130,"8.470 1
st",
2/24/2024,Twirlers: IJT,Studio12,GE 70/130,"9.080 1
st",
2/24/2024,Twirlers: IJT,Studio12,Total,,43.920
2/24/2024,Twirlers: INT,Studio12,EQ70-130,"8.880 2
nd",
2/24/2024,Twirlers: INT,Studio12,MV70-130,"9.480 2
nd",
2/24/2024,Twirlers: INT,Studio12,DES 70/130,"9.750 2
nd",
2/24/2024,Twirlers: INT,Studio12,GE 70/130,"10.020 2
nd",
2/24/2024,Twirlers: INT,Studio12,GE 70/130,"9.070 2
nd",
2/24/2024,Twirlers: INT,Studio12,Total,,47.200
2/24/2024,Twirlers: SRT,Central Mountain HS,EQ70-130,"14.740 1
st",
2/24/2024,Twirlers: SRT,Central Mountain HS,MV70-130,"12.230 1
st",
2/24/2024,Twirlers: SRT,Central Mountain HS,DES 70/130,"13.620 1
st",
2/24/2024,Twirlers: SRT,Central Mountain HS,GE 70/130,"13.080 1
st",
2/24/2024,Twirlers: SRT,Central Mountain HS,GE 70/130,"12.950 1
st",
2/24/2024,Twirlers: SRT,Central Mountain HS,Total,,66.620
2/24/2024,Twirlers: IST,Matriarch,EQ70-130,"14.210 1
st",
2/24/2024,Twirlers: IST,Matriarch,MV70-130,"12.390 1
st",
2/24/2024,Twirlers: IST,Matriarch,DES 10/10,"12.900 1
st",
2/24/2024,Twirlers: IST,Matriarch,GE 10/10,"12.500 1
st",
2/24/2024,Twirlers: IST,Matriarch,GE 10/10,"12.500 1
st",
2/24/2024,Twirlers: IST,Matriarch,Total,,64.500
2/24/2024,Twirlers: SAT,Central Mountain HS,EQ70-130,"14.610 1
st",
2/24/2024,Twirlers: SAT,Central Mountain HS,MV70-130,"14.210 1
st",
2/24/2024,Twirlers: SAT,Central Mountain HS,DES 10/10,"14.900 1
st",
2/24/2024,Twirlers: SAT,Central Mountain HS,GE 10/10,"14.400 1
st",
2/24/2024,Twirlers: SAT,Central Mountain HS,GE 10/10,"14.800 1
st",
2/24/2024,Twirlers: SAT,Central Mountain HS,Total,,72.920
2/24/2024,Guard: IJG,Requiem,EQ70-130,"12.150 2
nd",
2/24/2024,Guard: IJG,Requiem,MV70-130,"9.140 2
nd",
2/24/2024,Guard: IJG,Requiem,DES 70/130,"10.350 2
nd",
2/24/2024,Guard: IJG,Requiem,GE 70/130,"9.690 2
nd",
2/24/2024,Guard: IJG,Requiem,GE 70/130,"10.160 2
nd",
2/24/2024,Guard: IJG,Requiem,Total,,51.490
2/24/2024,Guard: SMG,Northern York MS,EQ70-130,"13.080 2
nd",
2/24/2024,Guard: SMG,Northern York MS,MV70-130,"12.940 1
st",
2/24/2024,Guard: SMG,Northern York MS,DES 70/130,"12.340 2
nd",
2/24/2024,Guard: SMG,Northern York MS,GE 70/130,"11.620 2
nd",
2/24/2024,Guard: SMG,Northern York MS,GE 70/130,"11.430 2
nd",
2/24/2024,Guard: SMG,Northern York MS,Total,,61.410
2/24/2024,Guard: ING,Freedom  Guard,EQ70-130,"14.540 1
st",
2/24/2024,Guard: ING,Freedom  Guard,MV70-130,"11.740 2
nd",
2/24/2024,Guard: ING,Freedom  Guard,DES 70/130,"13.680 1
st",
2/24/2024,Guard: ING,Freedom  Guard,GE 70/130,"12.080 1
st",
2/24/2024,Guard: ING,Freedom  Guard,GE 70/130,"12.160 1
st",
2/24/2024,Guard: ING,Freedom  Guard,Total,,64.200
2/24/2024,Guard: SNG,Governor Mifflin HS,EQ70-130,"12.610 2
nd",
2/24/2024,Guard: SNG,Governor Mifflin HS,MV70-130,"10.210 3
rd",
2/24/2024,Guard: SNG,Governor Mifflin HS,DES 70/130,"12.350 2
nd",
2/24/2024,Guard: SNG,Governor Mifflin HS,GE 70/130,"12.280 3
rd",
2/24/2024,Guard: SNG,Governor Mifflin HS,GE 70/130,"11.750 2
nd",
2/24/2024,Guard: SNG,Governor Mifflin HS,Total,,59.200
2/24/2024,Guard: IRG,West Inverness Ambition,EQ70-130,--,
2/24/2024,Guard: IRG,West Inverness Ambition,MV70-130,--,
2/24/2024,Guard: IRG,West Inverness Ambition,DES 70/130,--,
2/24/2024,Guard: IRG,West Inverness Ambition,GE 70/130,--,
2/24/2024,Guard: IRG,West Inverness Ambition,GE 70/130,--,
2/24/2024,Guard: IRG,West Inverness Ambition,Total,,--
2/24/2024,Guard: SRG,Hershey HS,EQ70-130,"12.680 5
th",
2/24/2024,Guard: SRG,Hershey HS,MV70-130,"13.810 3
rd",
2/24/2024,Guard: SRG,Hershey HS,DES 70/130,"14.560 4
th",
2/24/2024,Guard: SRG,Hershey HS,GE 70/130,"14.540 4
th",
2/24/2024,Guard: SRG,Hershey HS,GE 70/130,"14.350 4
th",
2/24/2024,Guard: SRG,Hershey HS,Total,,69.940
2/24/2024,Guard: SAG,Perry Hall HS,EQ70-130,"11.090 2
nd",
2/24/2024,Guard: SAG,Perry Hall HS,MV70-130,"9.210 2
nd",
2/24/2024,Guard: SAG,Perry Hall HS,DES 10/10,"11.500 2
nd",
2/24/2024,Guard: SAG,Perry Hall HS,GE 10/10,"11.100 2
nd",
2/24/2024,Guard: SAG,Perry Hall HS,GE 10/10,"10.900 2
nd",
2/24/2024,Guard: SAG,Perry Hall HS,Total,,53.800
2/24/2024,Stationary Percussion: SAS,Hershey HS,ART-SPERC,"33.100 1
st",
2/24/2024,Stationary Percussion: SAS,Hershey HS,MUS-SPERC,"32.900 1
st",
2/24/2024,Stationary Percussion: SAS,Hershey HS,Total,,66.000
2/24/2024,Marching Percussion: SRP,Northern York HS,VIS-PERC,"13.700 1
st",
2/24/2024,Marching Percussion: SRP,Northern York HS,ME-PERC,"21.450 2
nd",
2/24/2024,Marching Percussion: SRP,Northern York HS,VE-PERC,"12.400 2
nd",
2/24/2024,Marching Percussion: SRP,Northern York HS,MUS-PERC,"22.600 1
st",
2/24/2024,Marching Percussion: SRP,Northern York HS,Total,,70.150
2/24/2024,Marching Percussion: SAP,Lower Dauphin HS,VIS-PERC,15.400,
2/24/2024,Marching Percussion: SAP,Lower Dauphin HS,VE-PERC,15.000,
2/24/2024,Marching Percussion: SAP,Lower Dauphin HS,MUS-PERC,23.500,
2/24/2024,Marching Percussion: SAP,Lower Dauphin HS,ME-PERC,21.150,
2/24/2024,Marching Percussion: SAP,Lower Dauphin HS,Total,,75.050
2/24/2024,,,,,
2/24/2024,Stationary Percussion: SMS,Chichester MS,ART-SPERC,"32.100 1
st",
2/24/2024,Stationary Percussion: SMS,Chichester MS,MUS-SPERC,"34.400 1
st",
2/24/2024,Stationary Percussion: SMS,Chichester MS,Total,,66.500
2/24/2024,Stationary Percussion: SAS,Dallastown HS,MUS-SPERC,"41.100 1
st",
2/24/2024,Stationary Percussion: SAS,Dallastown HS,ART-SPERC,"41.600 1
st",
2/24/2024,Stationary Percussion: SAS,Dallastown HS,Total,,82.700
2/24/2024,Marching Percussion: INP,Essence Legacy Percussion,VIS-PERC,"10.300 1
st",
2/24/2024,Marching Percussion: INP,Essence Legacy Percussion,ME-PERC,"23.850 1
st",
2/24/2024,Marching Percussion: INP,Essence Legacy Percussion,VE-PERC,"11.900 1
st",
2/24/2024,Marching Percussion: INP,Essence Legacy Percussion,MUS-PERC,"21.200 1
st",
2/24/2024,Marching Percussion: INP,Essence Legacy Percussion,Total,,67.250
2/24/2024,Marching Percussion: SNP,Robbinsville HS,VE-PERC,"11.500 1
st",
2/24/2024,Marching Percussion: SNP,Robbinsville HS,VIS-PERC,"12.800 1
st",
2/24/2024,Marching Percussion: SNP,Robbinsville HS,ME-PERC,"18.750 1
st",
2/24/2024,Marching Percussion: SNP,Robbinsville HS,MUS-PERC,"20.200 1
st",
2/24/2024,Marching Percussion: SNP,Robbinsville HS,Total,,63.250
2/24/2024,Marching Percussion: SRP,Penncrest HS,VIS-PERC,"12.900 4
th",
2/24/2024,Marching Percussion: SRP,Penncrest HS,MUS-PERC,"21.300 3
rd",
2/24/2024,Marching Percussion: SRP,Penncrest HS,ME-PERC,"16.200 4
th",
2/24/2024,Marching Percussion: SRP,Penncrest HS,VE-PERC,"13.000 2
nd",
2/24/2024,Marching Percussion: SRP,Penncrest HS,Total,,63.400
2/24/2024,Marching Percussion: SAP,Upper Moreland HS,VIS-PERC,"12.600 1
st",
2/24/2024,Marching Percussion: SAP,Upper Moreland HS,MUS-PERC,"21.100 1
st",
2/24/2024,Marching Percussion: SAP,Upper Moreland HS,VE-PERC,"11.900 1
st",
2/24/2024,Marching Percussion: SAP,Upper Moreland HS,ME-PERC,"20.850 1
st",
2/24/2024,Marching Percussion: SAP,Upper Moreland HS,Total,,66.450
2/24/2024,Dance: IND,Essence Legacy Diamonds,MV70-130-DANCE,"25.780 1
st",
2/24/2024,Dance: IND,Essence Legacy Diamonds,DES 70/130,"10.940 1
st",
2/24/2024,Dance: IND,Essence Legacy Diamonds,GE 70/130,"11.220 1
st",
2/24/2024,Dance: IND,Essence Legacy Diamonds,GE 70/130,"12.350 1
st",
2/24/2024,Dance: IND,Essence Legacy Diamonds,Total,,60.290
2/24/2024,Dance: IWD,Small Steps Big Dreams,MV10-10-DANCE,"16.000 1
st",
2/24/2024,Dance: IWD,Small Steps Big Dreams,DES 10/10,"8.000 1
st",
2/24/2024,Dance: IWD,Small Steps Big Dreams,GE 10/10,"8.000 1
st",
2/24/2024,Dance: IWD,Small Steps Big Dreams,GE 10/10,"8.000 1
st",
2/24/2024,Dance: IWD,Small Steps Big Dreams,Total,,40.000
2/24/2024,Twirlers: IJT,Greenhouse Twirlers,EQ70-130,--,
2/24/2024,Twirlers: IJT,Greenhouse Twirlers,MV70-130,--,
2/24/2024,Twirlers: IJT,Greenhouse Twirlers,DES 70/130,--,
2/24/2024,Twirlers: IJT,Greenhouse Twirlers,GE 70/130,--,
2/24/2024,Twirlers: IJT,Greenhouse Twirlers,GE 70/130,--,
2/24/2024,Twirlers: IJT,Greenhouse Twirlers,Total,,--
2/24/2024,Twirlers: IAT,Impact,EQ70-130,"12.270 1
st",
2/24/2024,Twirlers: IAT,Impact,MV70-130,"12.740 1
st",
2/24/2024,Twirlers: IAT,Impact,DES 10/10,"11.000 1
st",
2/24/2024,Twirlers: IAT,Impact,GE 10/10,"11.000 1
st",
2/24/2024,Twirlers: IAT,Impact,GE 10/10,"11.000 1
st",
2/24/2024,Twirlers: IAT,Impact,Total,,58.010
2/24/2024,Twirlers: IWT,Small Steps Big Dreams,EQ10-10,"8.000 1
st",
2/24/2024,Twirlers: IWT,Small Steps Big Dreams,MV10-10,"8.000 1
st",
2/24/2024,Twirlers: IWT,Small Steps Big Dreams,DES 10/10,"8.000 1
st",
2/24/2024,Twirlers: IWT,Small Steps Big Dreams,GE 10/10,"8.000 1
st",
2/24/2024,Twirlers: IWT,Small Steps Big Dreams,GE 10/10,"8.000 1
st",
2/24/2024,Twirlers: IWT,Small Steps Big Dreams,Total,,40.000
2/24/2024,Guard: SMG,Abington MS,EQ70-130,"9.880 1
st",
2/24/2024,Guard: SMG,Abington MS,MV70-130,"10.080 2
nd",
2/24/2024,Guard: SMG,Abington MS,DES 70/130,"12.280 1
st",
2/24/2024,Guard: SMG,Abington MS,GE 70/130,"9.220 2
nd",
2/24/2024,Guard: SMG,Abington MS,GE 70/130,"10.280 1
st",
2/24/2024,Guard: SMG,Abington MS,Total,,51.740
2/24/2024,Guard: IJG,Greenhouse Guard,EQ70-130,--,
2/24/2024,Guard: IJG,Greenhouse Guard,MV70-130,--,
2/24/2024,Guard: IJG,Greenhouse Guard,DES 70/130,--,
2/24/2024,Guard: IJG,Greenhouse Guard,GE 70/130,--,
2/24/2024,Guard: IJG,Greenhouse Guard,GE 70/130,--,
2/24/2024,Guard: IJG,Greenhouse Guard,Total,,--
2/24/2024,Guard: SNG,Coatesville HS,EQ70-130,"10.680 4
th",
2/24/2024,Guard: SNG,Coatesville HS,MV70-130,"12.090 2
nd",
2/24/2024,Guard: SNG,Coatesville HS,DES 70/130,"11.010 2
nd",
2/24/2024,Guard: SNG,Coatesville HS,GE 70/130,"9.550 4
th",
2/24/2024,Guard: SNG,Coatesville HS,GE 70/130,"11.010 2
nd",
2/24/2024,Guard: SNG,Coatesville HS,Total,,54.340
2/24/2024,Guard: SRG,Middletown HS (9),EQ70-130,"14.330 1
st",
2/24/2024,Guard: SRG,Middletown HS (9),MV70-130,"13.940 1
st",
2/24/2024,Guard: SRG,Middletown HS (9),DES 70/130,"14.870 1
st",
2/24/2024,Guard: SRG,Middletown HS (9),GE 70/130,"14.010 1
st",
2/24/2024,Guard: SRG,Middletown HS (9),GE 70/130,"15.060 1
st",
2/24/2024,Guard: SRG,Middletown HS (9),Total,,72.210
2/24/2024,Guard: SAG,Perkiomen Valley HS,EQ70-130,"13.940 1
st",
2/24/2024,Guard: SAG,Perkiomen Valley HS,MV70-130,"13.010 2
nd",
2/24/2024,Guard: SAG,Perkiomen Valley HS,DES 10/10,"14.200 1
st",
2/24/2024,Guard: SAG,Perkiomen Valley HS,GE 10/10,"13.400 1
st",
2/24/2024,Guard: SAG,Perkiomen Valley HS,GE 10/10,"14.300 1
st",
2/24/2024,Guard: SAG,Perkiomen Valley HS,Total,,68.850
2/24/2024,Guard: SRG,Cheltenham HS,EQ70-130,14.930,
2/24/2024,Guard: SRG,Cheltenham HS,MV70-130,14.090,
2/24/2024,Guard: SRG,Cheltenham HS,DES 70/130,15.340,
2/24/2024,Guard: SRG,Cheltenham HS,GE 70/130,13.480,
2/24/2024,Guard: SRG,Cheltenham HS,GE 70/130,15.070,
2/24/2024,Guard: SRG,Cheltenham HS,Total,,72.910
2/24/2024,,,,,
2/24/2024,Stationary Percussion: SOS,Gateway Regional HS,MUS-SPERC,"33.700 1
st",
2/24/2024,Stationary Percussion: SOS,Gateway Regional HS,ART-SPERC,"33.300 1
st",
2/24/2024,Stationary Percussion: SOS,Gateway Regional HS,Total,,67.000
2/24/2024,Marching Percussion: SNP,Collingswood HS,VIS-PERC,"10.300 1
st",
2/24/2024,Marching Percussion: SNP,Collingswood HS,VE-PERC,"12.600 1
st",
2/24/2024,Marching Percussion: SNP,Collingswood HS,MUS-PERC,"17.100 1
st",
2/24/2024,Marching Percussion: SNP,Collingswood HS,ME-PERC,"15.900 1
st",
2/24/2024,Marching Percussion: SNP,Collingswood HS,Total,,55.900
2/24/2024,Marching Percussion: SRP,Pennsauken HS,VIS-PERC,"10.700 1
st",
2/24/2024,Marching Percussion: SRP,Pennsauken HS,VE-PERC,"12.000 1
st",
2/24/2024,Marching Percussion: SRP,Pennsauken HS,MUS-PERC,"22.900 1
st",
2/24/2024,Marching Percussion: SRP,Pennsauken HS,ME-PERC,"19.950 1
st",
2/24/2024,Marching Percussion: SRP,Pennsauken HS,Total,,65.550
2/24/2024,Marching Percussion: SAP,Appoquinimink HS,VIS-PERC,"13.100 3
rd",
2/24/2024,Marching Percussion: SAP,Appoquinimink HS,VE-PERC,"12.700 3
rd",
2/24/2024,Marching Percussion: SAP,Appoquinimink HS,MUS-PERC,"23.500 1
st",
2/24/2024,Marching Percussion: SAP,Appoquinimink HS,ME-PERC,"19.350 3
rd",
2/24/2024,Marching Percussion: SAP,Appoquinimink HS,Total,,68.650
2/24/2024,Stationary Percussion: SAS,Millville HS,MUS-SPERC,27.900,
2/24/2024,Stationary Percussion: SAS,Millville HS,ART-SPERC,25.400,
2/24/2024,Stationary Percussion: SAS,Millville HS,Total,,53.300
2/24/2024,Winds: SAW,Winslow Twp HS,VA-W,"16.050 2
nd",
2/24/2024,Winds: SAW,Winslow Twp HS,OE-W,"26.400 2
nd",
2/24/2024,Winds: SAW,Winslow Twp HS,MA-W,"22.950 1
st",
2/24/2024,Winds: SAW,Winslow Twp HS,Total,,65.400
2/24/2024,Guard: SCG,Haddon Heights Cadets,CAD,"Silver 1
st",
2/24/2024,Guard: SCG,Haddon Heights Cadets,CAD,"Silver 1
st",
2/24/2024,Guard: SCG,Haddon Heights Cadets,CAD,"Silver 1
st",
2/24/2024,Guard: SCG,Haddon Heights Cadets,Total,,Silver
2/24/2024,Guard: IJG,Synergy,EQ70-130,"12.370 1
st",
2/24/2024,Guard: IJG,Synergy,MV70-130,"12.020 1
st",
2/24/2024,Guard: IJG,Synergy,DES 70/130,"14.610 1
st",
2/24/2024,Guard: IJG,Synergy,GE 70/130,"13.010 1
st",
2/24/2024,Guard: IJG,Synergy,GE 70/130,"12.820 1
st",
2/24/2024,Guard: IJG,Synergy,Total,,64.830
2/24/2024,Guard: SNG,West Deptford HS,EQ70-130,"14.880 1
st",
2/24/2024,Guard: SNG,West Deptford HS,MV70-130,"12.680 2
nd",
2/24/2024,Guard: SNG,West Deptford HS,DES 70/130,"14.820 1
st",
2/24/2024,Guard: SNG,West Deptford HS,GE 70/130,"14.410 2
nd",
2/24/2024,Guard: SNG,West Deptford HS,GE 70/130,"12.290 3
rd",
2/24/2024,Guard: SNG,West Deptford HS,Total,,69.080
2/24/2024,Guard: SRG,Collingswood HS,EQ70-130,"11.750 4
th",
2/24/2024,Guard: SRG,Collingswood HS,MV70-130,"13.940 3
rd",
2/24/2024,Guard: SRG,Collingswood HS,DES 70/130,"12.750 4
th",
2/24/2024,Guard: SRG,Collingswood HS,GE 70/130,"13.080 3
rd",
2/24/2024,Guard: SRG,Collingswood HS,GE 70/130,"13.210 3
rd",
2/24/2024,Guard: SRG,Collingswood HS,Total,,64.630
2/24/2024,,,,,
3/1/2024,,,,,
3/1/2024,,,,,
3/1/2024,,,,,
3/1/2024,,,,,
3/1/2024,,,,,
3/1/2024,,,,,
3/2/2024,,,,,
3/2/2024,,,,,
3/2/2024,,,,,
3/2/2024,,,,,
3/2/2024,,,,,
3/2/2024,,,,,
3/2/2024,,,,,
3/2/2024,,,,,
3/2/2024,,,,,
3/2/2024,,,,,
3/2/2024,,,,,
3/2/2024,,,,,
3/2/2024,,,,,
3/2/2024,,,,,
3/2/2024,,,,,
3/2/2024,,,,,
3/2/2024,,,,,
3/2/2024,,,,,
3/2/2024,,,,,
3/2/2024,,,,,
3/2/2024,,,,,
3/2/2024,,,,,
3/2/2024,,,,,
3/2/2024,,,,,
3/2/2024,,,,,
3/2/2024,,,,,
3/2/2024,,,,,
3/2/2024,,,,,
3/2/2024,,,,,
3/2/2024,,,,,
3/2/2024,,,,,
3/2/2024,,,,,
3/2/2024,,,,,
3/2/2024,,,,,
3/2/2024,,,,,
3/2/2024,,,,,
3/2/2024,,,,,
3/2/2024,,,,,
3/2/2024,,,,,
3/2/2024,,,,,
3/2/2024,,,,,
3/2/2024,,,,,
3/2/2024,,,,,
3/2/2024,,,,,
3/2/2024,,,,,
3/2/2024,,,,,
3/2/2024,,,,,
3/2/2024,,,,,
3/2/2024,,,,,
3/2/2024,,,,,
3/2/2024,,,,,
3/2/2024,,,,,
3/2/2024,,,,,
3/2/2024,,,,,
3/2/2024,,,,,
3/2/2024,,,,,
3/2/2024,,,,,
3/2/2024,,,,,
3/2/2024,,,,,
3/2/2024,,,,,
3/2/2024,,,,,
3/2/2024,,,,,
3/2/2024,,,,,
3/2/2024,,,,,
3/2/2024,,,,,
3/2/2024,,,,,
3/2/2024,,,,,
3/2/2024,,,,,
3/2/2024,,,,,
3/2/2024,,,,,
3/2/2024,,,,,
3/2/2024,,,,,
3/2/2024,,,,,
3/2/2024,,,,,
3/2/2024,,,,,
3/2/2024,,,,,
3/2/2024,,,,,
3/2/2024,,,,,
3/8/2024,,,,,
3/8/2024,,,,,
3/8/2024,,,,,
3/9/2024,,,,,
3/9/2024,,,,,
3/9/2024,,,,,
3/9/2024,,,,,
3/9/2024,,,,,
3/9/2024,,,,,
3/9/2024,,,,,
3/9/2024,,,,,
3/9/2024,,,,,
3/9/2024,,,,,
3/9/2024,,,,,
3/9/2024,,,,,
3/9/2024,,,,,
3/9/2024,,,,,
3/9/2024,,,,,
3/9/2024,,,,,
3/9/2024,,,,,
3/9/2024,,,,,
3/9/2024,,,,,
3/9/2024,,,,,
3/9/2024,,,,,
3/9/2024,,,,,
3/9/2024,,,,,
3/9/2024,,,,,
3/9/2024,,,,,
3/9/2024,,,,,
3/9/2024,,,,,
3/9/2024,,,,,
3/9/2024,,,,,
3/9/2024,,,,,
3/9/2024,,,,,
3/9/2024,,,,,
3/9/2024,,,,,
3/9/2024,,,,,
3/9/2024,,,,,
3/9/2024,,,,,
3/9/2024,,,,,
3/9/2024,,,,,
3/9/2024,,,,,
3/9/2024,,,,,
3/9/2024,,,,,
3/9/2024,,,,,
3/9/2024,,,,,
3/9/2024,,,,,
3/9/2024,,,,,
3/9/2024,,,,,
3/9/2024,,,,,
3/9/2024,,,,,
3/9/2024,,,,,
3/9/2024,,,,,
3/9/2024,,,,,
3/9/2024,,,,,
3/9/2024,,,,,
3/9/2024,,,,,
3/9/2024,,,,,
3/9/2024,,,,,
3/9/2024,,,,,
3/9/2024,,,,,
3/9/2024,,,,,
3/9/2024,,,,,
3/9/2024,,,,,
3/9/2024,,,,,
3/9/2024,,,,,
3/9/2024,,,,,
3/9/2024,,,,,
3/9/2024,,,,,
3/9/2024,,,,,
3/16/2024,,,,,
3/16/2024,,,,,
3/16/2024,,,,,
3/16/2024,,,,,
3/16/2024,,,,,
3/16/2024,,,,,
3/16/2024,,,,,
3/16/2024,,,,,
3/16/2024,,,,,
3/16/2024,,,,,
3/16/2024,,,,,
3/16/2024,,,,,
3/16/2024,,,,,
3/16/2024,,,,,
3/16/2024,,,,,
3/16/2024,,,,,
3/16/2024,,,,,
3/16/2024,,,,,
3/16/2024,,,,,
3/16/2024,,,,,
3/16/2024,,,,,
3/16/2024,,,,,
3/16/2024,,,,,
3/16/2024,,,,,
3/16/2024,,,,,
3/16/2024,,,,,
3/16/2024,,,,,
3/16/2024,,,,,
3/16/2024,,,,,
3/16/2024,,,,,
3/16/2024,,,,,
3/16/2024,,,,,
3/16/2024,,,,,
3/16/2024,,,,,
3/16/2024,,,,,
3/16/2024,,,,,
3/16/2024,,,,,
3/16/2024,,,,,
3/16/2024,,,,,
3/16/2024,,,,,
3/16/2024,,,,,
3/16/2024,,,,,
3/16/2024,,,,,
3/16/2024,,,,,
3/16/2024,,,,,
3/16/2024,,,,,
3/16/2024,,,,,
3/16/2024,,,,,
3/16/2024,,,,,
3/16/2024,,,,,
3/16/2024,,,,,
3/16/2024,,,,,
3/16/2024,,,,,
3/16/2024,,,,,
3/16/2024,,,,,
3/16/2024,,,,,
3/16/2024,,,,,
3/16/2024,,,,,
3/16/2024,,,,,
3/16/2024,,,,,
3/16/2024,,,,,
3/16/2024,,,,,
3/16/2024,,,,,
3/16/2024,,,,,
3/16/2024,,,,,
3/16/2024,,,,,
3/16/2024,,,,,
3/16/2024,,,,,
3/16/2024,,,,,
3/16/2024,,,,,
3/16/2024,,,,,
3/16/2024,,,,,
3/16/2024,,,,,
3/16/2024,,,,,
3/16/2024,,,,,
3/16/2024,,,,,
3/16/2024,,,,,
3/16/2024,,,,,
3/16/2024,,,,,
3/16/2024,,,,,
3/16/2024,,,,,
3/16/2024,,,,,
3/16/2024,,,,,
3/16/2024,,,,,
3/16/2024,,,,,
3/16/2024,,,,,
3/16/2024,,,,,
3/16/2024,,,,,
3/16/2024,,,,,
3/16/2024,,,,,
3/16/2024,,,,,
3/16/2024,,,,,
3/16/2024,,,,,
3/16/2024,,,,,
3/16/2024,,,,,
3/16/2024,,,,,
3/16/2024,,,,,
3/16/2024,,,,,
3/16/2024,,,,,
3/16/2024,,,,,
3/16/2024,,,,,
3/16/2024,,,,,
3/16/2024,,,,,
3/22/2024,,,,,
3/22/2024,,,,,
3/22/2024,,,,,
3/23/2024,,,,,
3/23/2024,,,,,
3/23/2024,,,,,
3/23/2024,,,,,
3/23/2024,,,,,
3/23/2024,,,,,
3/23/2024,,,,,
3/23/2024,,,,,
3/23/2024,,,,,
3/23/2024,,,,,
3/23/2024,,,,,
3/23/2024,,,,,
3/23/2024,,,,,
3/23/2024,,,,,
3/23/2024,,,,,
3/23/2024,,,,,
3/23/2024,,,,,
3/23/2024,,,,,
3/23/2024,,,,,
3/23/2024,,,,,
3/23/2024,,,,,
3/23/2024,,,,,
3/23/2024,,,,,
3/23/2024,,,,,
3/23/2024,,,,,
3/23/2024,,,,,
3/23/2024,,,,,
3/23/2024,,,,,
3/23/2024,,,,,
3/23/2024,,,,,
3/23/2024,,,,,
3/23/2024,,,,,
3/23/2024,,,,,
3/23/2024,,,,,
3/23/2024,,,,,
3/23/2024,,,,,
3/23/2024,,,,,
3/23/2024,,,,,
3/23/2024,,,,,
3/23/2024,,,,,
3/23/2024,,,,,
3/23/2024,,,,,
3/23/2024,,,,,
3/23/2024,,,,,
3/23/2024,,,,,
3/23/2024,,,,,
3/23/2024,,,,,
3/23/2024,,,,,
3/23/2024,,,,,
3/23/2024,,,,,
3/23/2024,,,,,
3/23/2024,,,,,
3/23/2024,,,,,
3/23/2024,,,,,
3/23/2024,,,,,
3/23/2024,,,,,
3/23/2024,,,,,
3/23/2024,,,,,
3/23/2024,,,,,
3/23/2024,,,,,
3/23/2024,,,,,
3/23/2024,,,,,
3/23/2024,,,,,
3/23/2024,,,,,
3/23/2024,,,,,
3/23/2024,,,,,
3/23/2024,,,,,
3/23/2024,,,,,
3/23/2024,,,,,
3/23/2024,,,,,
3/23/2024,,,,,
3/23/2024,,,,,
3/23/2024,,,,,
3/23/2024,,,,,
3/23/2024,,,,,
3/23/2024,,,,,
3/23/2024,,,,,
3/23/2024,,,,,
3/23/2024,,,,,
3/23/2024,,,,,
3/23/2024,,,,,
3/23/2024,,,,,
3/23/2024,,,,,
3/23/2024,,,,,
3/23/2024,,,,,
3/23/2024,,,,,
3/23/2024,,,,,
3/23/2024,,,,,
3/23/2024,,,,,
3/23/2024,,,,,
4/6/2024,,,,,
4/6/2024,,,,,
4/6/2024,,,,,
4/6/2024,,,,,
4/6/2024,,,,,
4/6/2024,,,,,
4/6/2024,,,,,
4/6/2024,,,,,
4/6/2024,,,,,
4/6/2024,,,,,
4/6/2024,,,,,
4/6/2024,,,,,
4/6/2024,,,,,
4/6/2024,,,,,
4/6/2024,,,,,
4/6/2024,,,,,
4/6/2024,,,,,
4/6/2024,,,,,
4/6/2024,,,,,
4/6/2024,,,,,
4/6/2024,,,,,
4/6/2024,,,,,
4/6/2024,,,,,
4/6/2024,,,,,
4/6/2024,,,,,
4/6/2024,,,,,
4/6/2024,,,,,
4/6/2024,,,,,
4/6/2024,,,,,
4/6/2024,,,,,
4/6/2024,,,,,
4/6/2024,,,,,
4/6/2024,,,,,
4/6/2024,,,,,
4/6/2024,,,,,
4/6/2024,,,,,
4/6/2024,,,,,
4/6/2024,,,,,
4/6/2024,,,,,
4/6/2024,,,,,
4/6/2024,,,,,
4/6/2024,,,,,
